comparison,reference,comparator,metric,positive_means,cluster,paired_benefit,ci_low,ci_high,positive_benefit_probability,n_clusters,n_windows,bootstrap_samples,evaluation_split,source_commit,comparator_source_commit
TIDE vs EMOD scratch,TIDE,EMOD scratch,StaticAware_SRCC,TIDE_better,dyad_group,0.1372213413564479,0.1260657842034758,0.1482240209899864,1.0,86,32448,5000,outer_test,e7ad79fe6ad5b5884ccb5d60d35891ef7d308976,9455b7b67cdf3829316a276deae37f6832efd85f
TIDE vs EMOD scratch,TIDE,EMOD scratch,StaticAware_PCC,TIDE_better,dyad_group,0.1527375639423026,0.1409878072763395,0.1645678335941216,1.0,86,32448,5000,outer_test,e7ad79fe6ad5b5884ccb5d60d35891ef7d308976,9455b7b67cdf3829316a276deae37f6832efd85f
TIDE vs EMOD scratch,TIDE,EMOD scratch,StaticAware_KendallTauB,TIDE_better,dyad_group,0.1137099166390269,0.1040346716190887,0.1227250132250412,1.0,86,32448,5000,outer_test,e7ad79fe6ad5b5884ccb5d60d35891ef7d308976,9455b7b67cdf3829316a276deae37f6832efd85f
TIDE vs EMOD scratch,TIDE,EMOD scratch,TimeAugmented_Discrete_Frechet,TIDE_better,dyad_group,0.398412289237942,0.3579901705047321,0.4379222359311891,1.0,86,32448,5000,outer_test,e7ad79fe6ad5b5884ccb5d60d35891ef7d308976,9455b7b67cdf3829316a276deae37f6832efd85f
TIDE vs EMOD scratch,TIDE,EMOD scratch,TWED_lambda1_nu1,TIDE_better,dyad_group,3.950463732942621,3.668789204272759,4.221255489476235,1.0,86,32448,5000,outer_test,e7ad79fe6ad5b5884ccb5d60d35891ef7d308976,9455b7b67cdf3829316a276deae37f6832efd85f
TIDE vs EMOD scratch,TIDE,EMOD scratch,DTW,TIDE_better,dyad_group,0.8964987439216823,0.6793717173078236,1.10524279774255,1.0,86,32448,5000,outer_test,e7ad79fe6ad5b5884ccb5d60d35891ef7d308976,9455b7b67cdf3829316a276deae37f6832efd85f
TIDE vs EMOD scratch,TIDE,EMOD scratch,ZMAE,TIDE_better,dyad_group,0.0865143922049307,0.0783913456931565,0.0944101304809196,1.0,86,32448,5000,outer_test,e7ad79fe6ad5b5884ccb5d60d35891ef7d308976,9455b7b67cdf3829316a276deae37f6832efd85f
TIDE vs EMOD scratch,TIDE,EMOD scratch,ZRMSE,TIDE_better,dyad_group,0.1653885256590208,0.1553949229488576,0.1756513428132291,1.0,86,32448,5000,outer_test,e7ad79fe6ad5b5884ccb5d60d35891ef7d308976,9455b7b67cdf3829316a276deae37f6832efd85f
TIDE vs EMOD scratch,TIDE,EMOD scratch,ZLinf,TIDE_better,dyad_group,0.56755504766378,0.5409187864798679,0.595054938170298,1.0,86,32448,5000,outer_test,e7ad79fe6ad5b5884ccb5d60d35891ef7d308976,9455b7b67cdf3829316a276deae37f6832efd85f
TIDE vs EMOD scratch,TIDE,EMOD scratch,DeltaCorr_v1,TIDE_better,dyad_group,-0.0016162618955119,-0.0054451103938846,0.0023638686391442,0.217,86,32448,5000,outer_test,e7ad79fe6ad5b5884ccb5d60d35891ef7d308976,9455b7b67cdf3829316a276deae37f6832efd85f
TIDE vs EMOD scratch,TIDE,EMOD scratch,ChangeMagnitudeCorr,TIDE_better,dyad_group,-0.0024034090916687,-0.0066901710245088,0.0017693347722185,0.1354,86,32448,5000,outer_test,e7ad79fe6ad5b5884ccb5d60d35891ef7d308976,9455b7b67cdf3829316a276deae37f6832efd85f
TIDE vs EMOD scratch,TIDE,EMOD scratch,LogRatioChangeCorr,TIDE_better,dyad_group,0.0006603901756562,-0.0034198338081578,0.0048121372931774,0.621,86,32448,5000,outer_test,e7ad79fe6ad5b5884ccb5d60d35891ef7d308976,9455b7b67cdf3829316a276deae37f6832efd85f
TIDE vs EMOD scratch,TIDE,EMOD scratch,Directional_Accuracy,TIDE_better,dyad_group,0.0250087785709898,0.0189626892597519,0.031136915944966,1.0,86,32448,5000,outer_test,e7ad79fe6ad5b5884ccb5d60d35891ef7d308976,9455b7b67cdf3829316a276deae37f6832efd85f
TIDE vs EMOD scratch,TIDE,EMOD scratch,Balanced_Nonflat_Directional_Accuracy,TIDE_better,dyad_group,0.0227894259619408,0.0164450882427741,0.0288048108928901,1.0,86,32448,5000,outer_test,e7ad79fe6ad5b5884ccb5d60d35891ef7d308976,9455b7b67cdf3829316a276deae37f6832efd85f
TIDE vs EMOD scratch,TIDE,EMOD scratch,TrainFold_Majority_Direction_Accuracy,TIDE_better,dyad_group,0.0,0.0,0.0,0.0,86,32448,5000,outer_test,e7ad79fe6ad5b5884ccb5d60d35891ef7d308976,9455b7b67cdf3829316a276deae37f6832efd85f
TIDE vs EMOD scratch,TIDE,EMOD scratch,TrainFold_Majority_Balanced_Direction_Accuracy,TIDE_better,dyad_group,0.0,0.0,0.0,0.0,86,32448,5000,outer_test,e7ad79fe6ad5b5884ccb5d60d35891ef7d308976,9455b7b67cdf3829316a276deae37f6832efd85f
TIDE vs EMOD scratch,TIDE,EMOD scratch,Flat_Transition_Predicted_Change,TIDE_better,dyad_group,0.7437029824759244,0.7284695298784727,0.7581146920333088,1.0,86,32448,5000,outer_test,e7ad79fe6ad5b5884ccb5d60d35891ef7d308976,9455b7b67cdf3829316a276deae37f6832efd85f
TIDE vs EMOD scratch,TIDE,EMOD scratch,Chebyshev,TIDE_better,dyad_group,-0.0006943171498797,-0.001197794144261,-0.0002216953159449,0.002,86,32448,5000,outer_test,e7ad79fe6ad5b5884ccb5d60d35891ef7d308976,9455b7b67cdf3829316a276deae37f6832efd85f
TIDE vs EMOD scratch,TIDE,EMOD scratch,Clark,TIDE_better,dyad_group,0.0091304906766962,0.0076158777406347,0.0106714588076096,1.0,86,32448,5000,outer_test,e7ad79fe6ad5b5884ccb5d60d35891ef7d308976,9455b7b67cdf3829316a276deae37f6832efd85f
TIDE vs EMOD scratch,TIDE,EMOD scratch,Canberra,TIDE_better,dyad_group,0.0340075763137616,0.027650602751432,0.0399588267809178,1.0,86,32448,5000,outer_test,e7ad79fe6ad5b5884ccb5d60d35891ef7d308976,9455b7b67cdf3829316a276deae37f6832efd85f
TIDE vs EMOD scratch,TIDE,EMOD scratch,KL,TIDE_better,dyad_group,0.0025270082902994,0.0016461399307506,0.0034044832235923,1.0,86,32448,5000,outer_test,e7ad79fe6ad5b5884ccb5d60d35891ef7d308976,9455b7b67cdf3829316a276deae37f6832efd85f
TIDE vs EMOD scratch,TIDE,EMOD scratch,Cosine,TIDE_better,dyad_group,0.0022169685237464,0.0015401688274784,0.0028921209367509,1.0,86,32448,5000,outer_test,e7ad79fe6ad5b5884ccb5d60d35891ef7d308976,9455b7b67cdf3829316a276deae37f6832efd85f
TIDE vs EMOD scratch,TIDE,EMOD scratch,Intersection,TIDE_better,dyad_group,0.0041122321712921,0.0033517052577297,0.0048595746749272,1.0,86,32448,5000,outer_test,e7ad79fe6ad5b5884ccb5d60d35891ef7d308976,9455b7b67cdf3829316a276deae37f6832efd85f
TIDE vs EMOD pretrained finetune,TIDE,EMOD pretrained finetune,StaticAware_SRCC,TIDE_better,dyad_group,0.1382653379302258,0.1271835229824317,0.1490061671633125,1.0,86,32448,5000,outer_test,e7ad79fe6ad5b5884ccb5d60d35891ef7d308976,9455b7b67cdf3829316a276deae37f6832efd85f
TIDE vs EMOD pretrained finetune,TIDE,EMOD pretrained finetune,StaticAware_PCC,TIDE_better,dyad_group,0.1535276350720401,0.1419458495116688,0.1646680713291118,1.0,86,32448,5000,outer_test,e7ad79fe6ad5b5884ccb5d60d35891ef7d308976,9455b7b67cdf3829316a276deae37f6832efd85f
TIDE vs EMOD pretrained finetune,TIDE,EMOD pretrained finetune,StaticAware_KendallTauB,TIDE_better,dyad_group,0.1144958427620602,0.105338792067796,0.123607521385554,1.0,86,32448,5000,outer_test,e7ad79fe6ad5b5884ccb5d60d35891ef7d308976,9455b7b67cdf3829316a276deae37f6832efd85f
TIDE vs EMOD pretrained finetune,TIDE,EMOD pretrained finetune,TimeAugmented_Discrete_Frechet,TIDE_better,dyad_group,0.4068783822168378,0.3655435350057961,0.4482447688048349,1.0,86,32448,5000,outer_test,e7ad79fe6ad5b5884ccb5d60d35891ef7d308976,9455b7b67cdf3829316a276deae37f6832efd85f
TIDE vs EMOD pretrained finetune,TIDE,EMOD pretrained finetune,TWED_lambda1_nu1,TIDE_better,dyad_group,4.016879214423526,3.731751546480845,4.298145959407842,1.0,86,32448,5000,outer_test,e7ad79fe6ad5b5884ccb5d60d35891ef7d308976,9455b7b67cdf3829316a276deae37f6832efd85f
TIDE vs EMOD pretrained finetune,TIDE,EMOD pretrained finetune,DTW,TIDE_better,dyad_group,0.8903785113829331,0.6850069511078178,1.1012468001655775,1.0,86,32448,5000,outer_test,e7ad79fe6ad5b5884ccb5d60d35891ef7d308976,9455b7b67cdf3829316a276deae37f6832efd85f
TIDE vs EMOD pretrained finetune,TIDE,EMOD pretrained finetune,ZMAE,TIDE_better,dyad_group,0.0860041672960234,0.0778201225219764,0.0937632837300239,1.0,86,32448,5000,outer_test,e7ad79fe6ad5b5884ccb5d60d35891ef7d308976,9455b7b67cdf3829316a276deae37f6832efd85f
TIDE vs EMOD pretrained finetune,TIDE,EMOD pretrained finetune,ZRMSE,TIDE_better,dyad_group,0.1665777154831232,0.1565197371733779,0.1765504371618159,1.0,86,32448,5000,outer_test,e7ad79fe6ad5b5884ccb5d60d35891ef7d308976,9455b7b67cdf3829316a276deae37f6832efd85f
TIDE vs EMOD pretrained finetune,TIDE,EMOD pretrained finetune,ZLinf,TIDE_better,dyad_group,0.5794780060262607,0.5521631900056451,0.6066337826409012,1.0,86,32448,5000,outer_test,e7ad79fe6ad5b5884ccb5d60d35891ef7d308976,9455b7b67cdf3829316a276deae37f6832efd85f
TIDE vs EMOD pretrained finetune,TIDE,EMOD pretrained finetune,DeltaCorr_v1,TIDE_better,dyad_group,0.0002691133481491,-0.0036212232779838,0.0043075429979673,0.558,86,32448,5000,outer_test,e7ad79fe6ad5b5884ccb5d60d35891ef7d308976,9455b7b67cdf3829316a276deae37f6832efd85f
TIDE vs EMOD pretrained finetune,TIDE,EMOD pretrained finetune,ChangeMagnitudeCorr,TIDE_better,dyad_group,-0.0030892871965638,-0.0074975391651201,0.0012396761503776,0.0828,86,32448,5000,outer_test,e7ad79fe6ad5b5884ccb5d60d35891ef7d308976,9455b7b67cdf3829316a276deae37f6832efd85f
TIDE vs EMOD pretrained finetune,TIDE,EMOD pretrained finetune,LogRatioChangeCorr,TIDE_better,dyad_group,0.0022888995396578,-0.0017193117516737,0.0065445355081719,0.8682,86,32448,5000,outer_test,e7ad79fe6ad5b5884ccb5d60d35891ef7d308976,9455b7b67cdf3829316a276deae37f6832efd85f
TIDE vs EMOD pretrained finetune,TIDE,EMOD pretrained finetune,Directional_Accuracy,TIDE_better,dyad_group,0.0269188810040713,0.0204169891493068,0.0334892973250261,1.0,86,32448,5000,outer_test,e7ad79fe6ad5b5884ccb5d60d35891ef7d308976,9455b7b67cdf3829316a276deae37f6832efd85f
TIDE vs EMOD pretrained finetune,TIDE,EMOD pretrained finetune,Balanced_Nonflat_Directional_Accuracy,TIDE_better,dyad_group,0.0246437205958199,0.0177321802856119,0.0314833033261734,1.0,86,32448,5000,outer_test,e7ad79fe6ad5b5884ccb5d60d35891ef7d308976,9455b7b67cdf3829316a276deae37f6832efd85f
TIDE vs EMOD pretrained finetune,TIDE,EMOD pretrained finetune,TrainFold_Majority_Direction_Accuracy,TIDE_better,dyad_group,0.0,0.0,0.0,0.0,86,32448,5000,outer_test,e7ad79fe6ad5b5884ccb5d60d35891ef7d308976,9455b7b67cdf3829316a276deae37f6832efd85f
TIDE vs EMOD pretrained finetune,TIDE,EMOD pretrained finetune,TrainFold_Majority_Balanced_Direction_Accuracy,TIDE_better,dyad_group,0.0,0.0,0.0,0.0,86,32448,5000,outer_test,e7ad79fe6ad5b5884ccb5d60d35891ef7d308976,9455b7b67cdf3829316a276deae37f6832efd85f
TIDE vs EMOD pretrained finetune,TIDE,EMOD pretrained finetune,Flat_Transition_Predicted_Change,TIDE_better,dyad_group,0.7610993563059684,0.7467777171753821,0.7756075431456204,1.0,86,32448,5000,outer_test,e7ad79fe6ad5b5884ccb5d60d35891ef7d308976,9455b7b67cdf3829316a276deae37f6832efd85f
TIDE vs EMOD pretrained finetune,TIDE,EMOD pretrained finetune,Chebyshev,TIDE_better,dyad_group,-0.0004768023003121,-0.0010835561172375,7.850045896653708e-05,0.0532,86,32448,5000,outer_test,e7ad79fe6ad5b5884ccb5d60d35891ef7d308976,9455b7b67cdf3829316a276deae37f6832efd85f
TIDE vs EMOD pretrained finetune,TIDE,EMOD pretrained finetune,Clark,TIDE_better,dyad_group,0.0102870178974723,0.008424387399718,0.0121708311131357,1.0,86,32448,5000,outer_test,e7ad79fe6ad5b5884ccb5d60d35891ef7d308976,9455b7b67cdf3829316a276deae37f6832efd85f
TIDE vs EMOD pretrained finetune,TIDE,EMOD pretrained finetune,Canberra,TIDE_better,dyad_group,0.0373938122523796,0.0303054062545345,0.0440787107494368,1.0,86,32448,5000,outer_test,e7ad79fe6ad5b5884ccb5d60d35891ef7d308976,9455b7b67cdf3829316a276deae37f6832efd85f
TIDE vs EMOD pretrained finetune,TIDE,EMOD pretrained finetune,KL,TIDE_better,dyad_group,0.0028637319624922,0.0018258028538821,0.0039157407284387,1.0,86,32448,5000,outer_test,e7ad79fe6ad5b5884ccb5d60d35891ef7d308976,9455b7b67cdf3829316a276deae37f6832efd85f
TIDE vs EMOD pretrained finetune,TIDE,EMOD pretrained finetune,Cosine,TIDE_better,dyad_group,0.0025650753221968,0.0017440145091671,0.0033937196587911,1.0,86,32448,5000,outer_test,e7ad79fe6ad5b5884ccb5d60d35891ef7d308976,9455b7b67cdf3829316a276deae37f6832efd85f
TIDE vs EMOD pretrained finetune,TIDE,EMOD pretrained finetune,Intersection,TIDE_better,dyad_group,0.0046103570909841,0.0037189502389035,0.0054853945724042,1.0,86,32448,5000,outer_test,e7ad79fe6ad5b5884ccb5d60d35891ef7d308976,9455b7b67cdf3829316a276deae37f6832efd85f
TIDE vs EEGNet,TIDE,EEGNet,StaticAware_SRCC,TIDE_better,dyad_group,0.1402962867279454,0.1302770570243182,0.1502470137790503,1.0,86,32448,5000,outer_test,e7ad79fe6ad5b5884ccb5d60d35891ef7d308976,9455b7b67cdf3829316a276deae37f6832efd85f
TIDE vs EEGNet,TIDE,EEGNet,StaticAware_PCC,TIDE_better,dyad_group,0.1551027329195482,0.1445944796578428,0.1660392996469246,1.0,86,32448,5000,outer_test,e7ad79fe6ad5b5884ccb5d60d35891ef7d308976,9455b7b67cdf3829316a276deae37f6832efd85f
TIDE vs EEGNet,TIDE,EEGNet,StaticAware_KendallTauB,TIDE_better,dyad_group,0.1161895002199448,0.1077831721749309,0.1245039575945214,1.0,86,32448,5000,outer_test,e7ad79fe6ad5b5884ccb5d60d35891ef7d308976,9455b7b67cdf3829316a276deae37f6832efd85f
TIDE vs EEGNet,TIDE,EEGNet,TimeAugmented_Discrete_Frechet,TIDE_better,dyad_group,0.3898176903388219,0.353147576820239,0.4261542925680106,1.0,86,32448,5000,outer_test,e7ad79fe6ad5b5884ccb5d60d35891ef7d308976,9455b7b67cdf3829316a276deae37f6832efd85f
TIDE vs EEGNet,TIDE,EEGNet,TWED_lambda1_nu1,TIDE_better,dyad_group,4.476974629904749,4.192010312442717,4.761300401833633,1.0,86,32448,5000,outer_test,e7ad79fe6ad5b5884ccb5d60d35891ef7d308976,9455b7b67cdf3829316a276deae37f6832efd85f
TIDE vs EEGNet,TIDE,EEGNet,DTW,TIDE_better,dyad_group,1.0214891432089557,0.8124445730133895,1.22971887124503,1.0,86,32448,5000,outer_test,e7ad79fe6ad5b5884ccb5d60d35891ef7d308976,9455b7b67cdf3829316a276deae37f6832efd85f
TIDE vs EEGNet,TIDE,EEGNet,ZMAE,TIDE_better,dyad_group,0.0906530263050244,0.0827957176466819,0.0985748772870558,1.0,86,32448,5000,outer_test,e7ad79fe6ad5b5884ccb5d60d35891ef7d308976,9455b7b67cdf3829316a276deae37f6832efd85f
TIDE vs EEGNet,TIDE,EEGNet,ZRMSE,TIDE_better,dyad_group,0.1693003069609091,0.1598501400611192,0.1785556452160267,1.0,86,32448,5000,outer_test,e7ad79fe6ad5b5884ccb5d60d35891ef7d308976,9455b7b67cdf3829316a276deae37f6832efd85f
TIDE vs EEGNet,TIDE,EEGNet,ZLinf,TIDE_better,dyad_group,0.5607250018967153,0.5353813893456868,0.5853359528749456,1.0,86,32448,5000,outer_test,e7ad79fe6ad5b5884ccb5d60d35891ef7d308976,9455b7b67cdf3829316a276deae37f6832efd85f
TIDE vs EEGNet,TIDE,EEGNet,DeltaCorr_v1,TIDE_better,dyad_group,0.0018359641874144,-0.0016784216300755,0.0053735504455425,0.8386,86,32448,5000,outer_test,e7ad79fe6ad5b5884ccb5d60d35891ef7d308976,9455b7b67cdf3829316a276deae37f6832efd85f
TIDE vs EEGNet,TIDE,EEGNet,ChangeMagnitudeCorr,TIDE_better,dyad_group,-0.002303948891185,-0.0061016938475586,0.001421699205124,0.1104,86,32448,5000,outer_test,e7ad79fe6ad5b5884ccb5d60d35891ef7d308976,9455b7b67cdf3829316a276deae37f6832efd85f
TIDE vs EEGNet,TIDE,EEGNet,LogRatioChangeCorr,TIDE_better,dyad_group,0.0034874930998512,8.862164233790834e-05,0.0069907033649393,0.9768,86,32448,5000,outer_test,e7ad79fe6ad5b5884ccb5d60d35891ef7d308976,9455b7b67cdf3829316a276deae37f6832efd85f
TIDE vs EEGNet,TIDE,EEGNet,Directional_Accuracy,TIDE_better,dyad_group,0.0261020536204103,0.0204388285906523,0.0317469423547641,1.0,86,32448,5000,outer_test,e7ad79fe6ad5b5884ccb5d60d35891ef7d308976,9455b7b67cdf3829316a276deae37f6832efd85f
TIDE vs EEGNet,TIDE,EEGNet,Balanced_Nonflat_Directional_Accuracy,TIDE_better,dyad_group,0.0241216869688763,0.0184894409872636,0.0299566364907435,1.0,86,32448,5000,outer_test,e7ad79fe6ad5b5884ccb5d60d35891ef7d308976,9455b7b67cdf3829316a276deae37f6832efd85f
TIDE vs EEGNet,TIDE,EEGNet,TrainFold_Majority_Direction_Accuracy,TIDE_better,dyad_group,0.0,0.0,0.0,0.0,86,32448,5000,outer_test,e7ad79fe6ad5b5884ccb5d60d35891ef7d308976,9455b7b67cdf3829316a276deae37f6832efd85f
TIDE vs EEGNet,TIDE,EEGNet,TrainFold_Majority_Balanced_Direction_Accuracy,TIDE_better,dyad_group,0.0,0.0,0.0,0.0,86,32448,5000,outer_test,e7ad79fe6ad5b5884ccb5d60d35891ef7d308976,9455b7b67cdf3829316a276deae37f6832efd85f
TIDE vs EEGNet,TIDE,EEGNet,Flat_Transition_Predicted_Change,TIDE_better,dyad_group,0.8278162350180688,0.8152565747594847,0.840523758901477,1.0,86,32448,5000,outer_test,e7ad79fe6ad5b5884ccb5d60d35891ef7d308976,9455b7b67cdf3829316a276deae37f6832efd85f
TIDE vs EEGNet,TIDE,EEGNet,Chebyshev,TIDE_better,dyad_group,0.0007431601068528,-0.0002327533735333,0.0017367747439245,0.9354,86,32448,5000,outer_test,e7ad79fe6ad5b5884ccb5d60d35891ef7d308976,9455b7b67cdf3829316a276deae37f6832efd85f
TIDE vs EEGNet,TIDE,EEGNet,Clark,TIDE_better,dyad_group,0.0262136428964244,0.0229740192359934,0.0294964168858013,1.0,86,32448,5000,outer_test,e7ad79fe6ad5b5884ccb5d60d35891ef7d308976,9455b7b67cdf3829316a276deae37f6832efd85f
TIDE vs EEGNet,TIDE,EEGNet,Canberra,TIDE_better,dyad_group,0.0891884209303054,0.0784197121268695,0.0999662691559895,1.0,86,32448,5000,outer_test,e7ad79fe6ad5b5884ccb5d60d35891ef7d308976,9455b7b67cdf3829316a276deae37f6832efd85f
TIDE vs EEGNet,TIDE,EEGNet,KL,TIDE_better,dyad_group,0.0088656239535633,0.0071381459679436,0.0105557677284525,1.0,86,32448,5000,outer_test,e7ad79fe6ad5b5884ccb5d60d35891ef7d308976,9455b7b67cdf3829316a276deae37f6832efd85f
TIDE vs EEGNet,TIDE,EEGNet,Cosine,TIDE_better,dyad_group,0.007482372736209,0.0061670215437775,0.008774909569536,1.0,86,32448,5000,outer_test,e7ad79fe6ad5b5884ccb5d60d35891ef7d308976,9455b7b67cdf3829316a276deae37f6832efd85f
TIDE vs EEGNet,TIDE,EEGNet,Intersection,TIDE_better,dyad_group,0.0109778820041476,0.009598628023392,0.0123328190673307,1.0,86,32448,5000,outer_test,e7ad79fe6ad5b5884ccb5d60d35891ef7d308976,9455b7b67cdf3829316a276deae37f6832efd85f
TIDE vs EmT,TIDE,EmT,StaticAware_SRCC,TIDE_better,dyad_group,0.1391938048062905,0.1288168992870788,0.1493191757698554,1.0,86,32448,5000,outer_test,e7ad79fe6ad5b5884ccb5d60d35891ef7d308976,9455b7b67cdf3829316a276deae37f6832efd85f
TIDE vs EmT,TIDE,EmT,StaticAware_PCC,TIDE_better,dyad_group,0.1533602253137663,0.1421978690199686,0.1639936828257099,1.0,86,32448,5000,outer_test,e7ad79fe6ad5b5884ccb5d60d35891ef7d308976,9455b7b67cdf3829316a276deae37f6832efd85f
TIDE vs EmT,TIDE,EmT,StaticAware_KendallTauB,TIDE_better,dyad_group,0.1153136442428837,0.1065876643223173,0.1238776332484865,1.0,86,32448,5000,outer_test,e7ad79fe6ad5b5884ccb5d60d35891ef7d308976,9455b7b67cdf3829316a276deae37f6832efd85f
TIDE vs EmT,TIDE,EmT,TimeAugmented_Discrete_Frechet,TIDE_better,dyad_group,0.7320726183783527,0.6892217813180491,0.774858532887906,1.0,86,32448,5000,outer_test,e7ad79fe6ad5b5884ccb5d60d35891ef7d308976,9455b7b67cdf3829316a276deae37f6832efd85f
TIDE vs EmT,TIDE,EmT,TWED_lambda1_nu1,TIDE_better,dyad_group,2.8279846419501204,2.513496840828892,3.1314791205541828,1.0,86,32448,5000,outer_test,e7ad79fe6ad5b5884ccb5d60d35891ef7d308976,9455b7b67cdf3829316a276deae37f6832efd85f
TIDE vs EmT,TIDE,EmT,DTW,TIDE_better,dyad_group,0.4535798573708276,0.2699681824871294,0.6485788959822398,1.0,86,32448,5000,outer_test,e7ad79fe6ad5b5884ccb5d60d35891ef7d308976,9455b7b67cdf3829316a276deae37f6832efd85f
TIDE vs EmT,TIDE,EmT,ZMAE,TIDE_better,dyad_group,0.0576919713994534,0.0492059602060176,0.0663022856688352,1.0,86,32448,5000,outer_test,e7ad79fe6ad5b5884ccb5d60d35891ef7d308976,9455b7b67cdf3829316a276deae37f6832efd85f
TIDE vs EmT,TIDE,EmT,ZRMSE,TIDE_better,dyad_group,0.1652336084645361,0.1561184675978195,0.1745194935066736,1.0,86,32448,5000,outer_test,e7ad79fe6ad5b5884ccb5d60d35891ef7d308976,9455b7b67cdf3829316a276deae37f6832efd85f
TIDE vs EmT,TIDE,EmT,ZLinf,TIDE_better,dyad_group,0.799840018623465,0.767435817009238,0.8330823420259006,1.0,86,32448,5000,outer_test,e7ad79fe6ad5b5884ccb5d60d35891ef7d308976,9455b7b67cdf3829316a276deae37f6832efd85f
TIDE vs EmT,TIDE,EmT,DeltaCorr_v1,TIDE_better,dyad_group,-0.0012296882600129,-0.0049016383019137,0.0027676467419235,0.2676,86,32448,5000,outer_test,e7ad79fe6ad5b5884ccb5d60d35891ef7d308976,9455b7b67cdf3829316a276deae37f6832efd85f
TIDE vs EmT,TIDE,EmT,ChangeMagnitudeCorr,TIDE_better,dyad_group,-0.0009353413649887,-0.0047409524020082,0.0028406472033892,0.3176,86,32448,5000,outer_test,e7ad79fe6ad5b5884ccb5d60d35891ef7d308976,9455b7b67cdf3829316a276deae37f6832efd85f
TIDE vs EmT,TIDE,EmT,LogRatioChangeCorr,TIDE_better,dyad_group,-0.0003277108751514,-0.0045215148274994,0.0034595626829965,0.4298,86,32448,5000,outer_test,e7ad79fe6ad5b5884ccb5d60d35891ef7d308976,9455b7b67cdf3829316a276deae37f6832efd85f
TIDE vs EmT,TIDE,EmT,Directional_Accuracy,TIDE_better,dyad_group,0.0254261454534461,0.0188184614692173,0.031802776129371,1.0,86,32448,5000,outer_test,e7ad79fe6ad5b5884ccb5d60d35891ef7d308976,9455b7b67cdf3829316a276deae37f6832efd85f
TIDE vs EmT,TIDE,EmT,Balanced_Nonflat_Directional_Accuracy,TIDE_better,dyad_group,0.0234797598900293,0.0167977488495676,0.0299277626740793,1.0,86,32448,5000,outer_test,e7ad79fe6ad5b5884ccb5d60d35891ef7d308976,9455b7b67cdf3829316a276deae37f6832efd85f
TIDE vs EmT,TIDE,EmT,TrainFold_Majority_Direction_Accuracy,TIDE_better,dyad_group,0.0,0.0,0.0,0.0,86,32448,5000,outer_test,e7ad79fe6ad5b5884ccb5d60d35891ef7d308976,9455b7b67cdf3829316a276deae37f6832efd85f
TIDE vs EmT,TIDE,EmT,TrainFold_Majority_Balanced_Direction_Accuracy,TIDE_better,dyad_group,0.0,0.0,0.0,0.0,86,32448,5000,outer_test,e7ad79fe6ad5b5884ccb5d60d35891ef7d308976,9455b7b67cdf3829316a276deae37f6832efd85f
TIDE vs EmT,TIDE,EmT,Flat_Transition_Predicted_Change,TIDE_better,dyad_group,0.6381051608989069,0.6245704318169618,0.6517010068812239,1.0,86,32448,5000,outer_test,e7ad79fe6ad5b5884ccb5d60d35891ef7d308976,9455b7b67cdf3829316a276deae37f6832efd85f
TIDE vs EmT,TIDE,EmT,Chebyshev,TIDE_better,dyad_group,0.0004923335606748,-0.0004191567559231,0.0014633211515048,0.8482,86,32448,5000,outer_test,e7ad79fe6ad5b5884ccb5d60d35891ef7d308976,9455b7b67cdf3829316a276deae37f6832efd85f
TIDE vs EmT,TIDE,EmT,Clark,TIDE_better,dyad_group,0.0019276081335064,-0.0018173893646459,0.006119057212634,0.8284,86,32448,5000,outer_test,e7ad79fe6ad5b5884ccb5d60d35891ef7d308976,9455b7b67cdf3829316a276deae37f6832efd85f
TIDE vs EmT,TIDE,EmT,Canberra,TIDE_better,dyad_group,-0.0042359728051085,-0.0178740454409194,0.0095757615235729,0.2762,86,32448,5000,outer_test,e7ad79fe6ad5b5884ccb5d60d35891ef7d308976,9455b7b67cdf3829316a276deae37f6832efd85f
TIDE vs EmT,TIDE,EmT,KL,TIDE_better,dyad_group,0.0016029178809872,-0.0004407244309611,0.0037557179995152,0.9352,86,32448,5000,outer_test,e7ad79fe6ad5b5884ccb5d60d35891ef7d308976,9455b7b67cdf3829316a276deae37f6832efd85f
TIDE vs EmT,TIDE,EmT,Cosine,TIDE_better,dyad_group,0.0020187216844673,0.0005250524695246,0.0036433375068576,0.9972,86,32448,5000,outer_test,e7ad79fe6ad5b5884ccb5d60d35891ef7d308976,9455b7b67cdf3829316a276deae37f6832efd85f
TIDE vs EmT,TIDE,EmT,Intersection,TIDE_better,dyad_group,0.0017795020792056,0.0002378338971942,0.0033823960005323,0.9896,86,32448,5000,outer_test,e7ad79fe6ad5b5884ccb5d60d35891ef7d308976,9455b7b67cdf3829316a276deae37f6832efd85f
TIDE vs TSception,TIDE,TSception,StaticAware_SRCC,TIDE_better,dyad_group,0.1396526174159404,0.1287787833817774,0.1502163509899682,1.0,86,32448,5000,outer_test,e7ad79fe6ad5b5884ccb5d60d35891ef7d308976,9455b7b67cdf3829316a276deae37f6832efd85f
TIDE vs TSception,TIDE,TSception,StaticAware_PCC,TIDE_better,dyad_group,0.154908787425723,0.1434789643200557,0.1657775121709023,1.0,86,32448,5000,outer_test,e7ad79fe6ad5b5884ccb5d60d35891ef7d308976,9455b7b67cdf3829316a276deae37f6832efd85f
TIDE vs TSception,TIDE,TSception,StaticAware_KendallTauB,TIDE_better,dyad_group,0.1155695496182504,0.106336643982174,0.1241955374576763,1.0,86,32448,5000,outer_test,e7ad79fe6ad5b5884ccb5d60d35891ef7d308976,9455b7b67cdf3829316a276deae37f6832efd85f
TIDE vs TSception,TIDE,TSception,TimeAugmented_Discrete_Frechet,TIDE_better,dyad_group,0.4020472754817807,0.3625646079729634,0.4403304825052571,1.0,86,32448,5000,outer_test,e7ad79fe6ad5b5884ccb5d60d35891ef7d308976,9455b7b67cdf3829316a276deae37f6832efd85f
TIDE vs TSception,TIDE,TSception,TWED_lambda1_nu1,TIDE_better,dyad_group,4.222251198267288,3.954896775720738,4.499907175841272,1.0,86,32448,5000,outer_test,e7ad79fe6ad5b5884ccb5d60d35891ef7d308976,9455b7b67cdf3829316a276deae37f6832efd85f
TIDE vs TSception,TIDE,TSception,DTW,TIDE_better,dyad_group,0.9215358775507864,0.7221581513177547,1.123984466699791,1.0,86,32448,5000,outer_test,e7ad79fe6ad5b5884ccb5d60d35891ef7d308976,9455b7b67cdf3829316a276deae37f6832efd85f
TIDE vs TSception,TIDE,TSception,ZMAE,TIDE_better,dyad_group,0.0879155448652992,0.080201260716347,0.0957478481736445,1.0,86,32448,5000,outer_test,e7ad79fe6ad5b5884ccb5d60d35891ef7d308976,9455b7b67cdf3829316a276deae37f6832efd85f
TIDE vs TSception,TIDE,TSception,ZRMSE,TIDE_better,dyad_group,0.1683194283005742,0.158867624597677,0.177438797503673,1.0,86,32448,5000,outer_test,e7ad79fe6ad5b5884ccb5d60d35891ef7d308976,9455b7b67cdf3829316a276deae37f6832efd85f
TIDE vs TSception,TIDE,TSception,ZLinf,TIDE_better,dyad_group,0.57844892536244,0.5551984735115935,0.6023379720023955,1.0,86,32448,5000,outer_test,e7ad79fe6ad5b5884ccb5d60d35891ef7d308976,9455b7b67cdf3829316a276deae37f6832efd85f
TIDE vs TSception,TIDE,TSception,DeltaCorr_v1,TIDE_better,dyad_group,0.0022332472540165,-0.0016158449247278,0.0060935272993749,0.8686,86,32448,5000,outer_test,e7ad79fe6ad5b5884ccb5d60d35891ef7d308976,9455b7b67cdf3829316a276deae37f6832efd85f
TIDE vs TSception,TIDE,TSception,ChangeMagnitudeCorr,TIDE_better,dyad_group,-0.0021873013012065,-0.0058302913780973,0.001546584348849,0.1226,86,32448,5000,outer_test,e7ad79fe6ad5b5884ccb5d60d35891ef7d308976,9455b7b67cdf3829316a276deae37f6832efd85f
TIDE vs TSception,TIDE,TSception,LogRatioChangeCorr,TIDE_better,dyad_group,0.0044901355367273,0.0007150747065914,0.0082662323987917,0.9918,86,32448,5000,outer_test,e7ad79fe6ad5b5884ccb5d60d35891ef7d308976,9455b7b67cdf3829316a276deae37f6832efd85f
TIDE vs TSception,TIDE,TSception,Directional_Accuracy,TIDE_better,dyad_group,0.026561022297393,0.0204398116497698,0.0326784976178722,1.0,86,32448,5000,outer_test,e7ad79fe6ad5b5884ccb5d60d35891ef7d308976,9455b7b67cdf3829316a276deae37f6832efd85f
TIDE vs TSception,TIDE,TSception,Balanced_Nonflat_Directional_Accuracy,TIDE_better,dyad_group,0.0245371907152496,0.0181526433503232,0.0309821466426437,1.0,86,32448,5000,outer_test,e7ad79fe6ad5b5884ccb5d60d35891ef7d308976,9455b7b67cdf3829316a276deae37f6832efd85f
TIDE vs TSception,TIDE,TSception,TrainFold_Majority_Direction_Accuracy,TIDE_better,dyad_group,0.0,0.0,0.0,0.0,86,32448,5000,outer_test,e7ad79fe6ad5b5884ccb5d60d35891ef7d308976,9455b7b67cdf3829316a276deae37f6832efd85f
TIDE vs TSception,TIDE,TSception,TrainFold_Majority_Balanced_Direction_Accuracy,TIDE_better,dyad_group,0.0,0.0,0.0,0.0,86,32448,5000,outer_test,e7ad79fe6ad5b5884ccb5d60d35891ef7d308976,9455b7b67cdf3829316a276deae37f6832efd85f
TIDE vs TSception,TIDE,TSception,Flat_Transition_Predicted_Change,TIDE_better,dyad_group,0.7924208438289132,0.7780658087405036,0.8068753240523746,1.0,86,32448,5000,outer_test,e7ad79fe6ad5b5884ccb5d60d35891ef7d308976,9455b7b67cdf3829316a276deae37f6832efd85f
TIDE vs TSception,TIDE,TSception,Chebyshev,TIDE_better,dyad_group,-0.0009000056491353,-0.0015034150631764,-0.0003000792567902,0.0022,86,32448,5000,outer_test,e7ad79fe6ad5b5884ccb5d60d35891ef7d308976,9455b7b67cdf3829316a276deae37f6832efd85f
TIDE vs TSception,TIDE,TSception,Clark,TIDE_better,dyad_group,0.0035324936680173,0.0011931409693663,0.005869206371469,0.9982,86,32448,5000,outer_test,e7ad79fe6ad5b5884ccb5d60d35891ef7d308976,9455b7b67cdf3829316a276deae37f6832efd85f
TIDE vs TSception,TIDE,TSception,Canberra,TIDE_better,dyad_group,0.0160293720729302,0.0080390382215124,0.0240370541647421,1.0,86,32448,5000,outer_test,e7ad79fe6ad5b5884ccb5d60d35891ef7d308976,9455b7b67cdf3829316a276deae37f6832efd85f
TIDE vs TSception,TIDE,TSception,KL,TIDE_better,dyad_group,0.0005453311772932,-0.0007451121836028,0.0018843628168212,0.7938,86,32448,5000,outer_test,e7ad79fe6ad5b5884ccb5d60d35891ef7d308976,9455b7b67cdf3829316a276deae37f6832efd85f
TIDE vs TSception,TIDE,TSception,Cosine,TIDE_better,dyad_group,0.001084374131593,0.0001329116778827,0.002079258188981,0.9884,86,32448,5000,outer_test,e7ad79fe6ad5b5884ccb5d60d35891ef7d308976,9455b7b67cdf3829316a276deae37f6832efd85f
TIDE vs TSception,TIDE,TSception,Intersection,TIDE_better,dyad_group,0.0024879268154533,0.0015150056143161,0.0034594522113984,1.0,86,32448,5000,outer_test,e7ad79fe6ad5b5884ccb5d60d35891ef7d308976,9455b7b67cdf3829316a276deae37f6832efd85f
TIDE vs EEG Deformer,TIDE,EEG Deformer,StaticAware_SRCC,TIDE_better,dyad_group,0.1381163655821145,0.1280026923478258,0.1483364370525327,1.0,86,32448,5000,outer_test,e7ad79fe6ad5b5884ccb5d60d35891ef7d308976,9455b7b67cdf3829316a276deae37f6832efd85f
TIDE vs EEG Deformer,TIDE,EEG Deformer,StaticAware_PCC,TIDE_better,dyad_group,0.153116382910662,0.1423542404764219,0.1637142225872834,1.0,86,32448,5000,outer_test,e7ad79fe6ad5b5884ccb5d60d35891ef7d308976,9455b7b67cdf3829316a276deae37f6832efd85f
TIDE vs EEG Deformer,TIDE,EEG Deformer,StaticAware_KendallTauB,TIDE_better,dyad_group,0.1144639832141807,0.1061391574825839,0.1230492059233553,1.0,86,32448,5000,outer_test,e7ad79fe6ad5b5884ccb5d60d35891ef7d308976,9455b7b67cdf3829316a276deae37f6832efd85f
TIDE vs EEG Deformer,TIDE,EEG Deformer,TimeAugmented_Discrete_Frechet,TIDE_better,dyad_group,0.3784984557557675,0.3414778688622462,0.4180524728254895,1.0,86,32448,5000,outer_test,e7ad79fe6ad5b5884ccb5d60d35891ef7d308976,9455b7b67cdf3829316a276deae37f6832efd85f
TIDE vs EEG Deformer,TIDE,EEG Deformer,TWED_lambda1_nu1,TIDE_better,dyad_group,4.325699014631933,4.0545700453638975,4.595515140786479,1.0,86,32448,5000,outer_test,e7ad79fe6ad5b5884ccb5d60d35891ef7d308976,9455b7b67cdf3829316a276deae37f6832efd85f
TIDE vs EEG Deformer,TIDE,EEG Deformer,DTW,TIDE_better,dyad_group,0.9626462425590256,0.7620595663307244,1.1643864491664206,1.0,86,32448,5000,outer_test,e7ad79fe6ad5b5884ccb5d60d35891ef7d308976,9455b7b67cdf3829316a276deae37f6832efd85f
TIDE vs EEG Deformer,TIDE,EEG Deformer,ZMAE,TIDE_better,dyad_group,0.0898935257032029,0.0821925509920319,0.097548289955491,1.0,86,32448,5000,outer_test,e7ad79fe6ad5b5884ccb5d60d35891ef7d308976,9455b7b67cdf3829316a276deae37f6832efd85f
TIDE vs EEG Deformer,TIDE,EEG Deformer,ZRMSE,TIDE_better,dyad_group,0.1672124198963577,0.1578496226112162,0.1763549470741454,1.0,86,32448,5000,outer_test,e7ad79fe6ad5b5884ccb5d60d35891ef7d308976,9455b7b67cdf3829316a276deae37f6832efd85f
TIDE vs EEG Deformer,TIDE,EEG Deformer,ZLinf,TIDE_better,dyad_group,0.5517892677839414,0.526023289423177,0.5770930657167194,1.0,86,32448,5000,outer_test,e7ad79fe6ad5b5884ccb5d60d35891ef7d308976,9455b7b67cdf3829316a276deae37f6832efd85f
TIDE vs EEG Deformer,TIDE,EEG Deformer,DeltaCorr_v1,TIDE_better,dyad_group,0.0024107871050283,-0.0010369266191204,0.0058613909712523,0.9124,86,32448,5000,outer_test,e7ad79fe6ad5b5884ccb5d60d35891ef7d308976,9455b7b67cdf3829316a276deae37f6832efd85f
TIDE vs EEG Deformer,TIDE,EEG Deformer,ChangeMagnitudeCorr,TIDE_better,dyad_group,0.0003800085325877,-0.0031377336179396,0.0038788922392719,0.572,86,32448,5000,outer_test,e7ad79fe6ad5b5884ccb5d60d35891ef7d308976,9455b7b67cdf3829316a276deae37f6832efd85f
TIDE vs EEG Deformer,TIDE,EEG Deformer,LogRatioChangeCorr,TIDE_better,dyad_group,0.0046048332004125,0.001033654178329,0.008128956942961,0.994,86,32448,5000,outer_test,e7ad79fe6ad5b5884ccb5d60d35891ef7d308976,9455b7b67cdf3829316a276deae37f6832efd85f
TIDE vs EEG Deformer,TIDE,EEG Deformer,Directional_Accuracy,TIDE_better,dyad_group,0.0276849538146557,0.0217085504056255,0.0338450957503602,1.0,86,32448,5000,outer_test,e7ad79fe6ad5b5884ccb5d60d35891ef7d308976,9455b7b67cdf3829316a276deae37f6832efd85f
TIDE vs EEG Deformer,TIDE,EEG Deformer,Balanced_Nonflat_Directional_Accuracy,TIDE_better,dyad_group,0.0261008749327131,0.0201010817666597,0.0325414422562005,1.0,86,32448,5000,outer_test,e7ad79fe6ad5b5884ccb5d60d35891ef7d308976,9455b7b67cdf3829316a276deae37f6832efd85f
TIDE vs EEG Deformer,TIDE,EEG Deformer,TrainFold_Majority_Direction_Accuracy,TIDE_better,dyad_group,0.0,0.0,0.0,0.0,86,32448,5000,outer_test,e7ad79fe6ad5b5884ccb5d60d35891ef7d308976,9455b7b67cdf3829316a276deae37f6832efd85f
TIDE vs EEG Deformer,TIDE,EEG Deformer,TrainFold_Majority_Balanced_Direction_Accuracy,TIDE_better,dyad_group,0.0,0.0,0.0,0.0,86,32448,5000,outer_test,e7ad79fe6ad5b5884ccb5d60d35891ef7d308976,9455b7b67cdf3829316a276deae37f6832efd85f
TIDE vs EEG Deformer,TIDE,EEG Deformer,Flat_Transition_Predicted_Change,TIDE_better,dyad_group,0.8050404716825521,0.7931829825435236,0.8172119798975289,1.0,86,32448,5000,outer_test,e7ad79fe6ad5b5884ccb5d60d35891ef7d308976,9455b7b67cdf3829316a276deae37f6832efd85f
TIDE vs EEG Deformer,TIDE,EEG Deformer,Chebyshev,TIDE_better,dyad_group,0.0008260276488042,1.84006902881402e-05,0.0016712169577622,0.9764,86,32448,5000,outer_test,e7ad79fe6ad5b5884ccb5d60d35891ef7d308976,9455b7b67cdf3829316a276deae37f6832efd85f
TIDE vs EEG Deformer,TIDE,EEG Deformer,Clark,TIDE_better,dyad_group,0.0090556065803845,0.00555523384803,0.0124938812029484,1.0,86,32448,5000,outer_test,e7ad79fe6ad5b5884ccb5d60d35891ef7d308976,9455b7b67cdf3829316a276deae37f6832efd85f
TIDE vs EEG Deformer,TIDE,EEG Deformer,Canberra,TIDE_better,dyad_group,0.025670679331498,0.0145723980269918,0.0364959268833167,1.0,86,32448,5000,outer_test,e7ad79fe6ad5b5884ccb5d60d35891ef7d308976,9455b7b67cdf3829316a276deae37f6832efd85f
TIDE vs EEG Deformer,TIDE,EEG Deformer,KL,TIDE_better,dyad_group,0.0040532073591098,0.0022481480296712,0.0060212494042953,1.0,86,32448,5000,outer_test,e7ad79fe6ad5b5884ccb5d60d35891ef7d308976,9455b7b67cdf3829316a276deae37f6832efd85f
TIDE vs EEG Deformer,TIDE,EEG Deformer,Cosine,TIDE_better,dyad_group,0.0038960701224382,0.0025651354215525,0.0052052242027103,1.0,86,32448,5000,outer_test,e7ad79fe6ad5b5884ccb5d60d35891ef7d308976,9455b7b67cdf3829316a276deae37f6832efd85f
TIDE vs EEG Deformer,TIDE,EEG Deformer,Intersection,TIDE_better,dyad_group,0.0047995654283711,0.003503283292661,0.0061151569297109,1.0,86,32448,5000,outer_test,e7ad79fe6ad5b5884ccb5d60d35891ef7d308976,9455b7b67cdf3829316a276deae37f6832efd85f
TIDE vs CBraMod scratch,TIDE,CBraMod scratch,StaticAware_SRCC,TIDE_better,dyad_group,0.140154973455006,0.1296512291906192,0.1511542565626441,1.0,86,32448,5000,outer_test,e7ad79fe6ad5b5884ccb5d60d35891ef7d308976,9455b7b67cdf3829316a276deae37f6832efd85f
TIDE vs CBraMod scratch,TIDE,CBraMod scratch,StaticAware_PCC,TIDE_better,dyad_group,0.1551925079198317,0.1439143389211662,0.1661242746786016,1.0,86,32448,5000,outer_test,e7ad79fe6ad5b5884ccb5d60d35891ef7d308976,9455b7b67cdf3829316a276deae37f6832efd85f
TIDE vs CBraMod scratch,TIDE,CBraMod scratch,StaticAware_KendallTauB,TIDE_better,dyad_group,0.1160434318847196,0.1070180585840107,0.1250770941478357,1.0,86,32448,5000,outer_test,e7ad79fe6ad5b5884ccb5d60d35891ef7d308976,9455b7b67cdf3829316a276deae37f6832efd85f
TIDE vs CBraMod scratch,TIDE,CBraMod scratch,TimeAugmented_Discrete_Frechet,TIDE_better,dyad_group,0.3913793012498758,0.3535764896365458,0.4281799692265602,1.0,86,32448,5000,outer_test,e7ad79fe6ad5b5884ccb5d60d35891ef7d308976,9455b7b67cdf3829316a276deae37f6832efd85f
TIDE vs CBraMod scratch,TIDE,CBraMod scratch,TWED_lambda1_nu1,TIDE_better,dyad_group,4.39189587247774,4.110519700609885,4.6780522592863365,1.0,86,32448,5000,outer_test,e7ad79fe6ad5b5884ccb5d60d35891ef7d308976,9455b7b67cdf3829316a276deae37f6832efd85f
TIDE vs CBraMod scratch,TIDE,CBraMod scratch,DTW,TIDE_better,dyad_group,0.9767518022328716,0.7688029447441597,1.1914158337136591,1.0,86,32448,5000,outer_test,e7ad79fe6ad5b5884ccb5d60d35891ef7d308976,9455b7b67cdf3829316a276deae37f6832efd85f
TIDE vs CBraMod scratch,TIDE,CBraMod scratch,ZMAE,TIDE_better,dyad_group,0.0902530266766207,0.0821409474262686,0.098358104803154,1.0,86,32448,5000,outer_test,e7ad79fe6ad5b5884ccb5d60d35891ef7d308976,9455b7b67cdf3829316a276deae37f6832efd85f
TIDE vs CBraMod scratch,TIDE,CBraMod scratch,ZRMSE,TIDE_better,dyad_group,0.1688456487646921,0.1591948058806855,0.1784566684720595,1.0,86,32448,5000,outer_test,e7ad79fe6ad5b5884ccb5d60d35891ef7d308976,9455b7b67cdf3829316a276deae37f6832efd85f
TIDE vs CBraMod scratch,TIDE,CBraMod scratch,ZLinf,TIDE_better,dyad_group,0.556184758680989,0.5317597387497098,0.5803319440692919,1.0,86,32448,5000,outer_test,e7ad79fe6ad5b5884ccb5d60d35891ef7d308976,9455b7b67cdf3829316a276deae37f6832efd85f
TIDE vs CBraMod scratch,TIDE,CBraMod scratch,DeltaCorr_v1,TIDE_better,dyad_group,0.0016650413181829,-0.0018742487892645,0.0052483136856541,0.8206,86,32448,5000,outer_test,e7ad79fe6ad5b5884ccb5d60d35891ef7d308976,9455b7b67cdf3829316a276deae37f6832efd85f
TIDE vs CBraMod scratch,TIDE,CBraMod scratch,ChangeMagnitudeCorr,TIDE_better,dyad_group,-0.0027038067838407,-0.006476084299452,0.0011202795821675,0.0802,86,32448,5000,outer_test,e7ad79fe6ad5b5884ccb5d60d35891ef7d308976,9455b7b67cdf3829316a276deae37f6832efd85f
TIDE vs CBraMod scratch,TIDE,CBraMod scratch,LogRatioChangeCorr,TIDE_better,dyad_group,0.0042990886216738,0.000807933000148,0.0078799719695601,0.992,86,32448,5000,outer_test,e7ad79fe6ad5b5884ccb5d60d35891ef7d308976,9455b7b67cdf3829316a276deae37f6832efd85f
TIDE vs CBraMod scratch,TIDE,CBraMod scratch,Directional_Accuracy,TIDE_better,dyad_group,0.0285262108767471,0.0231326274214245,0.0339903105667932,1.0,86,32448,5000,outer_test,e7ad79fe6ad5b5884ccb5d60d35891ef7d308976,9455b7b67cdf3829316a276deae37f6832efd85f
TIDE vs CBraMod scratch,TIDE,CBraMod scratch,Balanced_Nonflat_Directional_Accuracy,TIDE_better,dyad_group,0.0265174029950942,0.0209182270082914,0.0319212581632399,1.0,86,32448,5000,outer_test,e7ad79fe6ad5b5884ccb5d60d35891ef7d308976,9455b7b67cdf3829316a276deae37f6832efd85f
TIDE vs CBraMod scratch,TIDE,CBraMod scratch,TrainFold_Majority_Direction_Accuracy,TIDE_better,dyad_group,0.0,0.0,0.0,0.0,86,32448,5000,outer_test,e7ad79fe6ad5b5884ccb5d60d35891ef7d308976,9455b7b67cdf3829316a276deae37f6832efd85f
TIDE vs CBraMod scratch,TIDE,CBraMod scratch,TrainFold_Majority_Balanced_Direction_Accuracy,TIDE_better,dyad_group,0.0,0.0,0.0,0.0,86,32448,5000,outer_test,e7ad79fe6ad5b5884ccb5d60d35891ef7d308976,9455b7b67cdf3829316a276deae37f6832efd85f
TIDE vs CBraMod scratch,TIDE,CBraMod scratch,Flat_Transition_Predicted_Change,TIDE_better,dyad_group,0.813574202133451,0.8004468922966741,0.8271160333729863,1.0,86,32448,5000,outer_test,e7ad79fe6ad5b5884ccb5d60d35891ef7d308976,9455b7b67cdf3829316a276deae37f6832efd85f
TIDE vs CBraMod scratch,TIDE,CBraMod scratch,Chebyshev,TIDE_better,dyad_group,-9.831235188024278e-06,-0.0006366844766611,0.0005960822282807,0.4948,86,32448,5000,outer_test,e7ad79fe6ad5b5884ccb5d60d35891ef7d308976,9455b7b67cdf3829316a276deae37f6832efd85f
TIDE vs CBraMod scratch,TIDE,CBraMod scratch,Clark,TIDE_better,dyad_group,0.0118416527808964,0.0098897655505938,0.0137120759092233,1.0,86,32448,5000,outer_test,e7ad79fe6ad5b5884ccb5d60d35891ef7d308976,9455b7b67cdf3829316a276deae37f6832efd85f
TIDE vs CBraMod scratch,TIDE,CBraMod scratch,Canberra,TIDE_better,dyad_group,0.0396922770810618,0.03270791129695,0.046662804953456,1.0,86,32448,5000,outer_test,e7ad79fe6ad5b5884ccb5d60d35891ef7d308976,9455b7b67cdf3829316a276deae37f6832efd85f
TIDE vs CBraMod scratch,TIDE,CBraMod scratch,KL,TIDE_better,dyad_group,0.0033649319110258,0.00240531980001,0.0043361230572113,1.0,86,32448,5000,outer_test,e7ad79fe6ad5b5884ccb5d60d35891ef7d308976,9455b7b67cdf3829316a276deae37f6832efd85f
TIDE vs CBraMod scratch,TIDE,CBraMod scratch,Cosine,TIDE_better,dyad_group,0.0031311588132259,0.0024068718013522,0.0038792518113405,1.0,86,32448,5000,outer_test,e7ad79fe6ad5b5884ccb5d60d35891ef7d308976,9455b7b67cdf3829316a276deae37f6832efd85f
TIDE vs CBraMod scratch,TIDE,CBraMod scratch,Intersection,TIDE_better,dyad_group,0.0050323421837739,0.0041811523571812,0.0058649478987147,1.0,86,32448,5000,outer_test,e7ad79fe6ad5b5884ccb5d60d35891ef7d308976,9455b7b67cdf3829316a276deae37f6832efd85f
TIDE vs HeLo task adapted,TIDE,HeLo task adapted,StaticAware_SRCC,TIDE_better,dyad_group,0.141527542645668,0.1314849549721904,0.1515195894672446,1.0,86,32448,5000,outer_test,e7ad79fe6ad5b5884ccb5d60d35891ef7d308976,9455b7b67cdf3829316a276deae37f6832efd85f
TIDE vs HeLo task adapted,TIDE,HeLo task adapted,StaticAware_PCC,TIDE_better,dyad_group,0.1562680784553676,0.145468113153615,0.1667471583558042,1.0,86,32448,5000,outer_test,e7ad79fe6ad5b5884ccb5d60d35891ef7d308976,9455b7b67cdf3829316a276deae37f6832efd85f
TIDE vs HeLo task adapted,TIDE,HeLo task adapted,StaticAware_KendallTauB,TIDE_better,dyad_group,0.1172020375401666,0.108707925089011,0.1256399755974675,1.0,86,32448,5000,outer_test,e7ad79fe6ad5b5884ccb5d60d35891ef7d308976,9455b7b67cdf3829316a276deae37f6832efd85f
TIDE vs HeLo task adapted,TIDE,HeLo task adapted,TimeAugmented_Discrete_Frechet,TIDE_better,dyad_group,0.4533088253379687,0.4107531452720289,0.4947124690055443,1.0,86,32448,5000,outer_test,e7ad79fe6ad5b5884ccb5d60d35891ef7d308976,9455b7b67cdf3829316a276deae37f6832efd85f
TIDE vs HeLo task adapted,TIDE,HeLo task adapted,TWED_lambda1_nu1,TIDE_better,dyad_group,4.223605050785056,3.936339770766784,4.512368004744425,1.0,86,32448,5000,outer_test,e7ad79fe6ad5b5884ccb5d60d35891ef7d308976,9455b7b67cdf3829316a276deae37f6832efd85f
TIDE vs HeLo task adapted,TIDE,HeLo task adapted,DTW,TIDE_better,dyad_group,0.8806562193808188,0.6719712223728771,1.0862260453861798,1.0,86,32448,5000,outer_test,e7ad79fe6ad5b5884ccb5d60d35891ef7d308976,9455b7b67cdf3829316a276deae37f6832efd85f
TIDE vs HeLo task adapted,TIDE,HeLo task adapted,ZMAE,TIDE_better,dyad_group,0.082348521936743,0.0743341168418944,0.0903350184495447,1.0,86,32448,5000,outer_test,e7ad79fe6ad5b5884ccb5d60d35891ef7d308976,9455b7b67cdf3829316a276deae37f6832efd85f
TIDE vs HeLo task adapted,TIDE,HeLo task adapted,ZRMSE,TIDE_better,dyad_group,0.1704743559599725,0.1610153366911672,0.1797572001617131,1.0,86,32448,5000,outer_test,e7ad79fe6ad5b5884ccb5d60d35891ef7d308976,9455b7b67cdf3829316a276deae37f6832efd85f
TIDE vs HeLo task adapted,TIDE,HeLo task adapted,ZLinf,TIDE_better,dyad_group,0.6394270372030466,0.6135366184719967,0.6668167402621659,1.0,86,32448,5000,outer_test,e7ad79fe6ad5b5884ccb5d60d35891ef7d308976,9455b7b67cdf3829316a276deae37f6832efd85f
TIDE vs HeLo task adapted,TIDE,HeLo task adapted,DeltaCorr_v1,TIDE_better,dyad_group,0.0042247496792051,0.0004255216982643,0.0081214459256823,0.9854,86,32448,5000,outer_test,e7ad79fe6ad5b5884ccb5d60d35891ef7d308976,9455b7b67cdf3829316a276deae37f6832efd85f
TIDE vs HeLo task adapted,TIDE,HeLo task adapted,ChangeMagnitudeCorr,TIDE_better,dyad_group,-0.0028100066289399,-0.0068984070157918,0.0013960590210466,0.094,86,32448,5000,outer_test,e7ad79fe6ad5b5884ccb5d60d35891ef7d308976,9455b7b67cdf3829316a276deae37f6832efd85f
TIDE vs HeLo task adapted,TIDE,HeLo task adapted,LogRatioChangeCorr,TIDE_better,dyad_group,0.0060409092931668,0.0022574214608692,0.0097634208292005,0.9992,86,32448,5000,outer_test,e7ad79fe6ad5b5884ccb5d60d35891ef7d308976,9455b7b67cdf3829316a276deae37f6832efd85f
TIDE vs HeLo task adapted,TIDE,HeLo task adapted,Directional_Accuracy,TIDE_better,dyad_group,0.0311615379493143,0.0254996624519531,0.0370024139057296,1.0,86,32448,5000,outer_test,e7ad79fe6ad5b5884ccb5d60d35891ef7d308976,9455b7b67cdf3829316a276deae37f6832efd85f
TIDE vs HeLo task adapted,TIDE,HeLo task adapted,Balanced_Nonflat_Directional_Accuracy,TIDE_better,dyad_group,0.0289373969013813,0.0232453740800233,0.0350135599582028,1.0,86,32448,5000,outer_test,e7ad79fe6ad5b5884ccb5d60d35891ef7d308976,9455b7b67cdf3829316a276deae37f6832efd85f
TIDE vs HeLo task adapted,TIDE,HeLo task adapted,TrainFold_Majority_Direction_Accuracy,TIDE_better,dyad_group,0.0,0.0,0.0,0.0,86,32448,5000,outer_test,e7ad79fe6ad5b5884ccb5d60d35891ef7d308976,9455b7b67cdf3829316a276deae37f6832efd85f
TIDE vs HeLo task adapted,TIDE,HeLo task adapted,TrainFold_Majority_Balanced_Direction_Accuracy,TIDE_better,dyad_group,0.0,0.0,0.0,0.0,86,32448,5000,outer_test,e7ad79fe6ad5b5884ccb5d60d35891ef7d308976,9455b7b67cdf3829316a276deae37f6832efd85f
TIDE vs HeLo task adapted,TIDE,HeLo task adapted,Flat_Transition_Predicted_Change,TIDE_better,dyad_group,0.8114426753760755,0.7978930464452944,0.8250978463755486,1.0,86,32448,5000,outer_test,e7ad79fe6ad5b5884ccb5d60d35891ef7d308976,9455b7b67cdf3829316a276deae37f6832efd85f
TIDE vs HeLo task adapted,TIDE,HeLo task adapted,Chebyshev,TIDE_better,dyad_group,-0.00103740055942,-0.0015009080665562,-0.0005968209573449,0.0,86,32448,5000,outer_test,e7ad79fe6ad5b5884ccb5d60d35891ef7d308976,9455b7b67cdf3829316a276deae37f6832efd85f
TIDE vs HeLo task adapted,TIDE,HeLo task adapted,Clark,TIDE_better,dyad_group,0.0073068583142806,0.005868112403424,0.0086757247284742,1.0,86,32448,5000,outer_test,e7ad79fe6ad5b5884ccb5d60d35891ef7d308976,9455b7b67cdf3829316a276deae37f6832efd85f
TIDE vs HeLo task adapted,TIDE,HeLo task adapted,Canberra,TIDE_better,dyad_group,0.0283120418423822,0.0223108995476082,0.0340236822576522,1.0,86,32448,5000,outer_test,e7ad79fe6ad5b5884ccb5d60d35891ef7d308976,9455b7b67cdf3829316a276deae37f6832efd85f
TIDE vs HeLo task adapted,TIDE,HeLo task adapted,KL,TIDE_better,dyad_group,0.0016835254451981,0.0008869757455814,0.0025119601217316,1.0,86,32448,5000,outer_test,e7ad79fe6ad5b5884ccb5d60d35891ef7d308976,9455b7b67cdf3829316a276deae37f6832efd85f
TIDE vs HeLo task adapted,TIDE,HeLo task adapted,Cosine,TIDE_better,dyad_group,0.0015755143318789,0.0009558120584873,0.0022185539553454,1.0,86,32448,5000,outer_test,e7ad79fe6ad5b5884ccb5d60d35891ef7d308976,9455b7b67cdf3829316a276deae37f6832efd85f
TIDE vs HeLo task adapted,TIDE,HeLo task adapted,Intersection,TIDE_better,dyad_group,0.0034247154004743,0.0026933866861719,0.004140365628708,1.0,86,32448,5000,outer_test,e7ad79fe6ad5b5884ccb5d60d35891ef7d308976,9455b7b67cdf3829316a276deae37f6832efd85f
TIDE vs EMOD scratch,TIDE,EMOD scratch,StaticAware_SRCC,TIDE_better,subject_group,0.1372213413564478,0.1264712923752592,0.1483957845462421,1.0,164,32448,5000,outer_test,e7ad79fe6ad5b5884ccb5d60d35891ef7d308976,9455b7b67cdf3829316a276deae37f6832efd85f
TIDE vs EMOD scratch,TIDE,EMOD scratch,StaticAware_PCC,TIDE_better,subject_group,0.1527375639423026,0.1410704121871281,0.1644638498139684,1.0,164,32448,5000,outer_test,e7ad79fe6ad5b5884ccb5d60d35891ef7d308976,9455b7b67cdf3829316a276deae37f6832efd85f
TIDE vs EMOD scratch,TIDE,EMOD scratch,StaticAware_KendallTauB,TIDE_better,subject_group,0.1137099166390269,0.1044666778367101,0.1229561580129193,1.0,164,32448,5000,outer_test,e7ad79fe6ad5b5884ccb5d60d35891ef7d308976,9455b7b67cdf3829316a276deae37f6832efd85f
TIDE vs EMOD scratch,TIDE,EMOD scratch,TimeAugmented_Discrete_Frechet,TIDE_better,subject_group,0.3984122892379421,0.3594735964400256,0.4369168757711972,1.0,164,32448,5000,outer_test,e7ad79fe6ad5b5884ccb5d60d35891ef7d308976,9455b7b67cdf3829316a276deae37f6832efd85f
TIDE vs EMOD scratch,TIDE,EMOD scratch,TWED_lambda1_nu1,TIDE_better,subject_group,3.95046373294262,3.685365933850967,4.2330424317004764,1.0,164,32448,5000,outer_test,e7ad79fe6ad5b5884ccb5d60d35891ef7d308976,9455b7b67cdf3829316a276deae37f6832efd85f
TIDE vs EMOD scratch,TIDE,EMOD scratch,DTW,TIDE_better,subject_group,0.8964987439216822,0.681307666061537,1.109156613104742,1.0,164,32448,5000,outer_test,e7ad79fe6ad5b5884ccb5d60d35891ef7d308976,9455b7b67cdf3829316a276deae37f6832efd85f
TIDE vs EMOD scratch,TIDE,EMOD scratch,ZMAE,TIDE_better,subject_group,0.0865143922049307,0.0780199017416391,0.0953372491450474,1.0,164,32448,5000,outer_test,e7ad79fe6ad5b5884ccb5d60d35891ef7d308976,9455b7b67cdf3829316a276deae37f6832efd85f
TIDE vs EMOD scratch,TIDE,EMOD scratch,ZRMSE,TIDE_better,subject_group,0.1653885256590208,0.1554522493562091,0.1758488208991147,1.0,164,32448,5000,outer_test,e7ad79fe6ad5b5884ccb5d60d35891ef7d308976,9455b7b67cdf3829316a276deae37f6832efd85f
TIDE vs EMOD scratch,TIDE,EMOD scratch,ZLinf,TIDE_better,subject_group,0.5675550476637801,0.5424188250515635,0.5919498570610113,1.0,164,32448,5000,outer_test,e7ad79fe6ad5b5884ccb5d60d35891ef7d308976,9455b7b67cdf3829316a276deae37f6832efd85f
TIDE vs EMOD scratch,TIDE,EMOD scratch,DeltaCorr_v1,TIDE_better,subject_group,-0.0016162618955119,-0.0060368759445291,0.0028737632882941,0.2458,164,32448,5000,outer_test,e7ad79fe6ad5b5884ccb5d60d35891ef7d308976,9455b7b67cdf3829316a276deae37f6832efd85f
TIDE vs EMOD scratch,TIDE,EMOD scratch,ChangeMagnitudeCorr,TIDE_better,subject_group,-0.0024034090916687,-0.0065992009504788,0.0016020282608937,0.1244,164,32448,5000,outer_test,e7ad79fe6ad5b5884ccb5d60d35891ef7d308976,9455b7b67cdf3829316a276deae37f6832efd85f
TIDE vs EMOD scratch,TIDE,EMOD scratch,LogRatioChangeCorr,TIDE_better,subject_group,0.0006603901756562,-0.0037861714274902,0.0053067017022736,0.6156,164,32448,5000,outer_test,e7ad79fe6ad5b5884ccb5d60d35891ef7d308976,9455b7b67cdf3829316a276deae37f6832efd85f
TIDE vs EMOD scratch,TIDE,EMOD scratch,Directional_Accuracy,TIDE_better,subject_group,0.0250087785709898,0.0188198890998394,0.0314997146968422,1.0,164,32448,5000,outer_test,e7ad79fe6ad5b5884ccb5d60d35891ef7d308976,9455b7b67cdf3829316a276deae37f6832efd85f
TIDE vs EMOD scratch,TIDE,EMOD scratch,Balanced_Nonflat_Directional_Accuracy,TIDE_better,subject_group,0.0227894259619408,0.0162522977619708,0.0294400773618775,1.0,164,32448,5000,outer_test,e7ad79fe6ad5b5884ccb5d60d35891ef7d308976,9455b7b67cdf3829316a276deae37f6832efd85f
TIDE vs EMOD scratch,TIDE,EMOD scratch,TrainFold_Majority_Direction_Accuracy,TIDE_better,subject_group,0.0,0.0,0.0,0.0,164,32448,5000,outer_test,e7ad79fe6ad5b5884ccb5d60d35891ef7d308976,9455b7b67cdf3829316a276deae37f6832efd85f
TIDE vs EMOD scratch,TIDE,EMOD scratch,TrainFold_Majority_Balanced_Direction_Accuracy,TIDE_better,subject_group,0.0,0.0,0.0,0.0,164,32448,5000,outer_test,e7ad79fe6ad5b5884ccb5d60d35891ef7d308976,9455b7b67cdf3829316a276deae37f6832efd85f
TIDE vs EMOD scratch,TIDE,EMOD scratch,Flat_Transition_Predicted_Change,TIDE_better,subject_group,0.7437029824759245,0.7313610105090276,0.7561575738030194,1.0,164,32448,5000,outer_test,e7ad79fe6ad5b5884ccb5d60d35891ef7d308976,9455b7b67cdf3829316a276deae37f6832efd85f
TIDE vs EMOD scratch,TIDE,EMOD scratch,Chebyshev,TIDE_better,subject_group,-0.0006943171498797,-0.0011403745376021,-0.0002663347550859,0.001,164,32448,5000,outer_test,e7ad79fe6ad5b5884ccb5d60d35891ef7d308976,9455b7b67cdf3829316a276deae37f6832efd85f
TIDE vs EMOD scratch,TIDE,EMOD scratch,Clark,TIDE_better,subject_group,0.0091304906766962,0.0073664876121924,0.0108358254484541,1.0,164,32448,5000,outer_test,e7ad79fe6ad5b5884ccb5d60d35891ef7d308976,9455b7b67cdf3829316a276deae37f6832efd85f
TIDE vs EMOD scratch,TIDE,EMOD scratch,Canberra,TIDE_better,subject_group,0.0340075763137615,0.0273797450723092,0.0404271319353841,1.0,164,32448,5000,outer_test,e7ad79fe6ad5b5884ccb5d60d35891ef7d308976,9455b7b67cdf3829316a276deae37f6832efd85f
TIDE vs EMOD scratch,TIDE,EMOD scratch,KL,TIDE_better,subject_group,0.0025270082902994,0.0016244776730397,0.0034187761361096,1.0,164,32448,5000,outer_test,e7ad79fe6ad5b5884ccb5d60d35891ef7d308976,9455b7b67cdf3829316a276deae37f6832efd85f
TIDE vs EMOD scratch,TIDE,EMOD scratch,Cosine,TIDE_better,subject_group,0.0022169685237464,0.0014752255228407,0.0029254365259825,1.0,164,32448,5000,outer_test,e7ad79fe6ad5b5884ccb5d60d35891ef7d308976,9455b7b67cdf3829316a276deae37f6832efd85f
TIDE vs EMOD scratch,TIDE,EMOD scratch,Intersection,TIDE_better,subject_group,0.0041122321712921,0.0032796135001394,0.0049350964868142,1.0,164,32448,5000,outer_test,e7ad79fe6ad5b5884ccb5d60d35891ef7d308976,9455b7b67cdf3829316a276deae37f6832efd85f
TIDE vs EMOD pretrained finetune,TIDE,EMOD pretrained finetune,StaticAware_SRCC,TIDE_better,subject_group,0.1382653379302257,0.1269403524912057,0.1492463146056652,1.0,164,32448,5000,outer_test,e7ad79fe6ad5b5884ccb5d60d35891ef7d308976,9455b7b67cdf3829316a276deae37f6832efd85f
TIDE vs EMOD pretrained finetune,TIDE,EMOD pretrained finetune,StaticAware_PCC,TIDE_better,subject_group,0.1535276350720401,0.1417884626376669,0.1654440065583535,1.0,164,32448,5000,outer_test,e7ad79fe6ad5b5884ccb5d60d35891ef7d308976,9455b7b67cdf3829316a276deae37f6832efd85f
TIDE vs EMOD pretrained finetune,TIDE,EMOD pretrained finetune,StaticAware_KendallTauB,TIDE_better,subject_group,0.1144958427620602,0.1051809735849387,0.1236425633503346,1.0,164,32448,5000,outer_test,e7ad79fe6ad5b5884ccb5d60d35891ef7d308976,9455b7b67cdf3829316a276deae37f6832efd85f
TIDE vs EMOD pretrained finetune,TIDE,EMOD pretrained finetune,TimeAugmented_Discrete_Frechet,TIDE_better,subject_group,0.4068783822168377,0.3673782329779819,0.4473486064956563,1.0,164,32448,5000,outer_test,e7ad79fe6ad5b5884ccb5d60d35891ef7d308976,9455b7b67cdf3829316a276deae37f6832efd85f
TIDE vs EMOD pretrained finetune,TIDE,EMOD pretrained finetune,TWED_lambda1_nu1,TIDE_better,subject_group,4.016879214423526,3.729233746115887,4.286095403381246,1.0,164,32448,5000,outer_test,e7ad79fe6ad5b5884ccb5d60d35891ef7d308976,9455b7b67cdf3829316a276deae37f6832efd85f
TIDE vs EMOD pretrained finetune,TIDE,EMOD pretrained finetune,DTW,TIDE_better,subject_group,0.8903785113829333,0.6688803871693123,1.0963188879365011,1.0,164,32448,5000,outer_test,e7ad79fe6ad5b5884ccb5d60d35891ef7d308976,9455b7b67cdf3829316a276deae37f6832efd85f
TIDE vs EMOD pretrained finetune,TIDE,EMOD pretrained finetune,ZMAE,TIDE_better,subject_group,0.0860041672960233,0.0774647788884496,0.0941028630099783,1.0,164,32448,5000,outer_test,e7ad79fe6ad5b5884ccb5d60d35891ef7d308976,9455b7b67cdf3829316a276deae37f6832efd85f
TIDE vs EMOD pretrained finetune,TIDE,EMOD pretrained finetune,ZRMSE,TIDE_better,subject_group,0.1665777154831231,0.1566602810987915,0.1767735993140414,1.0,164,32448,5000,outer_test,e7ad79fe6ad5b5884ccb5d60d35891ef7d308976,9455b7b67cdf3829316a276deae37f6832efd85f
TIDE vs EMOD pretrained finetune,TIDE,EMOD pretrained finetune,ZLinf,TIDE_better,subject_group,0.5794780060262604,0.5539473798703444,0.6062269181740488,1.0,164,32448,5000,outer_test,e7ad79fe6ad5b5884ccb5d60d35891ef7d308976,9455b7b67cdf3829316a276deae37f6832efd85f
TIDE vs EMOD pretrained finetune,TIDE,EMOD pretrained finetune,DeltaCorr_v1,TIDE_better,subject_group,0.0002691133481491,-0.0041289734085222,0.0047093503502367,0.5492,164,32448,5000,outer_test,e7ad79fe6ad5b5884ccb5d60d35891ef7d308976,9455b7b67cdf3829316a276deae37f6832efd85f
TIDE vs EMOD pretrained finetune,TIDE,EMOD pretrained finetune,ChangeMagnitudeCorr,TIDE_better,subject_group,-0.0030892871965638,-0.0072664618490784,0.0010773148863474,0.0738,164,32448,5000,outer_test,e7ad79fe6ad5b5884ccb5d60d35891ef7d308976,9455b7b67cdf3829316a276deae37f6832efd85f
TIDE vs EMOD pretrained finetune,TIDE,EMOD pretrained finetune,LogRatioChangeCorr,TIDE_better,subject_group,0.0022888995396578,-0.0021170858382077,0.0067137991695892,0.8404,164,32448,5000,outer_test,e7ad79fe6ad5b5884ccb5d60d35891ef7d308976,9455b7b67cdf3829316a276deae37f6832efd85f
TIDE vs EMOD pretrained finetune,TIDE,EMOD pretrained finetune,Directional_Accuracy,TIDE_better,subject_group,0.0269188810040713,0.0198192910701685,0.0337478591887244,1.0,164,32448,5000,outer_test,e7ad79fe6ad5b5884ccb5d60d35891ef7d308976,9455b7b67cdf3829316a276deae37f6832efd85f
TIDE vs EMOD pretrained finetune,TIDE,EMOD pretrained finetune,Balanced_Nonflat_Directional_Accuracy,TIDE_better,subject_group,0.0246437205958199,0.0174292113285661,0.0318179186432258,1.0,164,32448,5000,outer_test,e7ad79fe6ad5b5884ccb5d60d35891ef7d308976,9455b7b67cdf3829316a276deae37f6832efd85f
TIDE vs EMOD pretrained finetune,TIDE,EMOD pretrained finetune,TrainFold_Majority_Direction_Accuracy,TIDE_better,subject_group,0.0,0.0,0.0,0.0,164,32448,5000,outer_test,e7ad79fe6ad5b5884ccb5d60d35891ef7d308976,9455b7b67cdf3829316a276deae37f6832efd85f
TIDE vs EMOD pretrained finetune,TIDE,EMOD pretrained finetune,TrainFold_Majority_Balanced_Direction_Accuracy,TIDE_better,subject_group,0.0,0.0,0.0,0.0,164,32448,5000,outer_test,e7ad79fe6ad5b5884ccb5d60d35891ef7d308976,9455b7b67cdf3829316a276deae37f6832efd85f
TIDE vs EMOD pretrained finetune,TIDE,EMOD pretrained finetune,Flat_Transition_Predicted_Change,TIDE_better,subject_group,0.7610993563059685,0.7486349059179417,0.7735154302775132,1.0,164,32448,5000,outer_test,e7ad79fe6ad5b5884ccb5d60d35891ef7d308976,9455b7b67cdf3829316a276deae37f6832efd85f
TIDE vs EMOD pretrained finetune,TIDE,EMOD pretrained finetune,Chebyshev,TIDE_better,subject_group,-0.0004768023003121,-0.0009915309834824,3.203369405927657e-05,0.0324,164,32448,5000,outer_test,e7ad79fe6ad5b5884ccb5d60d35891ef7d308976,9455b7b67cdf3829316a276deae37f6832efd85f
TIDE vs EMOD pretrained finetune,TIDE,EMOD pretrained finetune,Clark,TIDE_better,subject_group,0.0102870178974723,0.0084039882525248,0.012137967717329,1.0,164,32448,5000,outer_test,e7ad79fe6ad5b5884ccb5d60d35891ef7d308976,9455b7b67cdf3829316a276deae37f6832efd85f
TIDE vs EMOD pretrained finetune,TIDE,EMOD pretrained finetune,Canberra,TIDE_better,subject_group,0.0373938122523796,0.0302325728620895,0.0442028531312941,1.0,164,32448,5000,outer_test,e7ad79fe6ad5b5884ccb5d60d35891ef7d308976,9455b7b67cdf3829316a276deae37f6832efd85f
TIDE vs EMOD pretrained finetune,TIDE,EMOD pretrained finetune,KL,TIDE_better,subject_group,0.0028637319624922,0.0017925057028971,0.0038864154700839,1.0,164,32448,5000,outer_test,e7ad79fe6ad5b5884ccb5d60d35891ef7d308976,9455b7b67cdf3829316a276deae37f6832efd85f
TIDE vs EMOD pretrained finetune,TIDE,EMOD pretrained finetune,Cosine,TIDE_better,subject_group,0.0025650753221968,0.0017419346905722,0.0033831712504527,1.0,164,32448,5000,outer_test,e7ad79fe6ad5b5884ccb5d60d35891ef7d308976,9455b7b67cdf3829316a276deae37f6832efd85f
TIDE vs EMOD pretrained finetune,TIDE,EMOD pretrained finetune,Intersection,TIDE_better,subject_group,0.0046103570909841,0.0037486921578293,0.0054678482430622,1.0,164,32448,5000,outer_test,e7ad79fe6ad5b5884ccb5d60d35891ef7d308976,9455b7b67cdf3829316a276deae37f6832efd85f
TIDE vs EEGNet,TIDE,EEGNet,StaticAware_SRCC,TIDE_better,subject_group,0.1402962867279454,0.1300252628844448,0.1503808372266594,1.0,164,32448,5000,outer_test,e7ad79fe6ad5b5884ccb5d60d35891ef7d308976,9455b7b67cdf3829316a276deae37f6832efd85f
TIDE vs EEGNet,TIDE,EEGNet,StaticAware_PCC,TIDE_better,subject_group,0.1551027329195481,0.1440398871787469,0.1661605731338047,1.0,164,32448,5000,outer_test,e7ad79fe6ad5b5884ccb5d60d35891ef7d308976,9455b7b67cdf3829316a276deae37f6832efd85f
TIDE vs EEGNet,TIDE,EEGNet,StaticAware_KendallTauB,TIDE_better,subject_group,0.1161895002199448,0.1076493418281321,0.1243701028879005,1.0,164,32448,5000,outer_test,e7ad79fe6ad5b5884ccb5d60d35891ef7d308976,9455b7b67cdf3829316a276deae37f6832efd85f
TIDE vs EEGNet,TIDE,EEGNet,TimeAugmented_Discrete_Frechet,TIDE_better,subject_group,0.3898176903388219,0.3538111174274909,0.4266228235908111,1.0,164,32448,5000,outer_test,e7ad79fe6ad5b5884ccb5d60d35891ef7d308976,9455b7b67cdf3829316a276deae37f6832efd85f
TIDE vs EEGNet,TIDE,EEGNet,TWED_lambda1_nu1,TIDE_better,subject_group,4.476974629904748,4.196903375231709,4.766946395911751,1.0,164,32448,5000,outer_test,e7ad79fe6ad5b5884ccb5d60d35891ef7d308976,9455b7b67cdf3829316a276deae37f6832efd85f
TIDE vs EEGNet,TIDE,EEGNet,DTW,TIDE_better,subject_group,1.021489143208956,0.8016371127327279,1.239332151721827,1.0,164,32448,5000,outer_test,e7ad79fe6ad5b5884ccb5d60d35891ef7d308976,9455b7b67cdf3829316a276deae37f6832efd85f
TIDE vs EEGNet,TIDE,EEGNet,ZMAE,TIDE_better,subject_group,0.0906530263050244,0.0823212456896531,0.0990601709245404,1.0,164,32448,5000,outer_test,e7ad79fe6ad5b5884ccb5d60d35891ef7d308976,9455b7b67cdf3829316a276deae37f6832efd85f
TIDE vs EEGNet,TIDE,EEGNet,ZRMSE,TIDE_better,subject_group,0.1693003069609091,0.1596317295111123,0.1792505154274495,1.0,164,32448,5000,outer_test,e7ad79fe6ad5b5884ccb5d60d35891ef7d308976,9455b7b67cdf3829316a276deae37f6832efd85f
TIDE vs EEGNet,TIDE,EEGNet,ZLinf,TIDE_better,subject_group,0.5607250018967153,0.5362102803727349,0.5852506919774854,1.0,164,32448,5000,outer_test,e7ad79fe6ad5b5884ccb5d60d35891ef7d308976,9455b7b67cdf3829316a276deae37f6832efd85f
TIDE vs EEGNet,TIDE,EEGNet,DeltaCorr_v1,TIDE_better,subject_group,0.0018359641874144,-0.0023053507337486,0.0061126503855075,0.8098,164,32448,5000,outer_test,e7ad79fe6ad5b5884ccb5d60d35891ef7d308976,9455b7b67cdf3829316a276deae37f6832efd85f
TIDE vs EEGNet,TIDE,EEGNet,ChangeMagnitudeCorr,TIDE_better,subject_group,-0.002303948891185,-0.0062473968914072,0.0015403203039524,0.123,164,32448,5000,outer_test,e7ad79fe6ad5b5884ccb5d60d35891ef7d308976,9455b7b67cdf3829316a276deae37f6832efd85f
TIDE vs EEGNet,TIDE,EEGNet,LogRatioChangeCorr,TIDE_better,subject_group,0.0034874930998512,-0.0005922972306957,0.0076109115616313,0.9534,164,32448,5000,outer_test,e7ad79fe6ad5b5884ccb5d60d35891ef7d308976,9455b7b67cdf3829316a276deae37f6832efd85f
TIDE vs EEGNet,TIDE,EEGNet,Directional_Accuracy,TIDE_better,subject_group,0.0261020536204103,0.0198509362686198,0.0321561760275551,1.0,164,32448,5000,outer_test,e7ad79fe6ad5b5884ccb5d60d35891ef7d308976,9455b7b67cdf3829316a276deae37f6832efd85f
TIDE vs EEGNet,TIDE,EEGNet,Balanced_Nonflat_Directional_Accuracy,TIDE_better,subject_group,0.0241216869688763,0.0180136113509232,0.0303393875358982,1.0,164,32448,5000,outer_test,e7ad79fe6ad5b5884ccb5d60d35891ef7d308976,9455b7b67cdf3829316a276deae37f6832efd85f
TIDE vs EEGNet,TIDE,EEGNet,TrainFold_Majority_Direction_Accuracy,TIDE_better,subject_group,0.0,0.0,0.0,0.0,164,32448,5000,outer_test,e7ad79fe6ad5b5884ccb5d60d35891ef7d308976,9455b7b67cdf3829316a276deae37f6832efd85f
TIDE vs EEGNet,TIDE,EEGNet,TrainFold_Majority_Balanced_Direction_Accuracy,TIDE_better,subject_group,0.0,0.0,0.0,0.0,164,32448,5000,outer_test,e7ad79fe6ad5b5884ccb5d60d35891ef7d308976,9455b7b67cdf3829316a276deae37f6832efd85f
TIDE vs EEGNet,TIDE,EEGNet,Flat_Transition_Predicted_Change,TIDE_better,subject_group,0.8278162350180684,0.8172641358991953,0.8381719165785956,1.0,164,32448,5000,outer_test,e7ad79fe6ad5b5884ccb5d60d35891ef7d308976,9455b7b67cdf3829316a276deae37f6832efd85f
TIDE vs EEGNet,TIDE,EEGNet,Chebyshev,TIDE_better,subject_group,0.0007431601068528,-8.952451429931183e-05,0.0016055816656195,0.9584,164,32448,5000,outer_test,e7ad79fe6ad5b5884ccb5d60d35891ef7d308976,9455b7b67cdf3829316a276deae37f6832efd85f
TIDE vs EEGNet,TIDE,EEGNet,Clark,TIDE_better,subject_group,0.0262136428964244,0.0228417946481822,0.029513938011549,1.0,164,32448,5000,outer_test,e7ad79fe6ad5b5884ccb5d60d35891ef7d308976,9455b7b67cdf3829316a276deae37f6832efd85f
TIDE vs EEGNet,TIDE,EEGNet,Canberra,TIDE_better,subject_group,0.0891884209303054,0.0775346880933652,0.1007439383905424,1.0,164,32448,5000,outer_test,e7ad79fe6ad5b5884ccb5d60d35891ef7d308976,9455b7b67cdf3829316a276deae37f6832efd85f
TIDE vs EEGNet,TIDE,EEGNet,KL,TIDE_better,subject_group,0.0088656239535633,0.0070894316639543,0.0106778912274261,1.0,164,32448,5000,outer_test,e7ad79fe6ad5b5884ccb5d60d35891ef7d308976,9455b7b67cdf3829316a276deae37f6832efd85f
TIDE vs EEGNet,TIDE,EEGNet,Cosine,TIDE_better,subject_group,0.007482372736209,0.0061302957218765,0.0088012720645136,1.0,164,32448,5000,outer_test,e7ad79fe6ad5b5884ccb5d60d35891ef7d308976,9455b7b67cdf3829316a276deae37f6832efd85f
TIDE vs EEGNet,TIDE,EEGNet,Intersection,TIDE_better,subject_group,0.0109778820041476,0.0094987800624929,0.0124025110483278,1.0,164,32448,5000,outer_test,e7ad79fe6ad5b5884ccb5d60d35891ef7d308976,9455b7b67cdf3829316a276deae37f6832efd85f
TIDE vs EmT,TIDE,EmT,StaticAware_SRCC,TIDE_better,subject_group,0.1391938048062905,0.1285351896931217,0.149565435820035,1.0,164,32448,5000,outer_test,e7ad79fe6ad5b5884ccb5d60d35891ef7d308976,9455b7b67cdf3829316a276deae37f6832efd85f
TIDE vs EmT,TIDE,EmT,StaticAware_PCC,TIDE_better,subject_group,0.1533602253137663,0.1421741659350012,0.1646473728188515,1.0,164,32448,5000,outer_test,e7ad79fe6ad5b5884ccb5d60d35891ef7d308976,9455b7b67cdf3829316a276deae37f6832efd85f
TIDE vs EmT,TIDE,EmT,StaticAware_KendallTauB,TIDE_better,subject_group,0.1153136442428837,0.1066114202499064,0.1238912368014482,1.0,164,32448,5000,outer_test,e7ad79fe6ad5b5884ccb5d60d35891ef7d308976,9455b7b67cdf3829316a276deae37f6832efd85f
TIDE vs EmT,TIDE,EmT,TimeAugmented_Discrete_Frechet,TIDE_better,subject_group,0.7320726183783526,0.687626010711317,0.774766035719865,1.0,164,32448,5000,outer_test,e7ad79fe6ad5b5884ccb5d60d35891ef7d308976,9455b7b67cdf3829316a276deae37f6832efd85f
TIDE vs EmT,TIDE,EmT,TWED_lambda1_nu1,TIDE_better,subject_group,2.8279846419501204,2.504276499948124,3.13167495470908,1.0,164,32448,5000,outer_test,e7ad79fe6ad5b5884ccb5d60d35891ef7d308976,9455b7b67cdf3829316a276deae37f6832efd85f
TIDE vs EmT,TIDE,EmT,DTW,TIDE_better,subject_group,0.4535798573708275,0.2638588207898913,0.6445846007757702,1.0,164,32448,5000,outer_test,e7ad79fe6ad5b5884ccb5d60d35891ef7d308976,9455b7b67cdf3829316a276deae37f6832efd85f
TIDE vs EmT,TIDE,EmT,ZMAE,TIDE_better,subject_group,0.0576919713994534,0.0486230763473738,0.0664493794513517,1.0,164,32448,5000,outer_test,e7ad79fe6ad5b5884ccb5d60d35891ef7d308976,9455b7b67cdf3829316a276deae37f6832efd85f
TIDE vs EmT,TIDE,EmT,ZRMSE,TIDE_better,subject_group,0.165233608464536,0.1555393128318192,0.1747407287368367,1.0,164,32448,5000,outer_test,e7ad79fe6ad5b5884ccb5d60d35891ef7d308976,9455b7b67cdf3829316a276deae37f6832efd85f
TIDE vs EmT,TIDE,EmT,ZLinf,TIDE_better,subject_group,0.7998400186234651,0.7680590011355829,0.8324933694005382,1.0,164,32448,5000,outer_test,e7ad79fe6ad5b5884ccb5d60d35891ef7d308976,9455b7b67cdf3829316a276deae37f6832efd85f
TIDE vs EmT,TIDE,EmT,DeltaCorr_v1,TIDE_better,subject_group,-0.0012296882600129,-0.0054396573073478,0.0029757809317034,0.2818,164,32448,5000,outer_test,e7ad79fe6ad5b5884ccb5d60d35891ef7d308976,9455b7b67cdf3829316a276deae37f6832efd85f
TIDE vs EmT,TIDE,EmT,ChangeMagnitudeCorr,TIDE_better,subject_group,-0.0009353413649887,-0.0050750630770194,0.0031484796613527,0.3286,164,32448,5000,outer_test,e7ad79fe6ad5b5884ccb5d60d35891ef7d308976,9455b7b67cdf3829316a276deae37f6832efd85f
TIDE vs EmT,TIDE,EmT,LogRatioChangeCorr,TIDE_better,subject_group,-0.0003277108751514,-0.0044797944153016,0.0037977137693036,0.4396,164,32448,5000,outer_test,e7ad79fe6ad5b5884ccb5d60d35891ef7d308976,9455b7b67cdf3829316a276deae37f6832efd85f
TIDE vs EmT,TIDE,EmT,Directional_Accuracy,TIDE_better,subject_group,0.0254261454534461,0.0189004915010538,0.0320776687253316,1.0,164,32448,5000,outer_test,e7ad79fe6ad5b5884ccb5d60d35891ef7d308976,9455b7b67cdf3829316a276deae37f6832efd85f
TIDE vs EmT,TIDE,EmT,Balanced_Nonflat_Directional_Accuracy,TIDE_better,subject_group,0.0234797598900292,0.0168209937585159,0.0300115276526248,1.0,164,32448,5000,outer_test,e7ad79fe6ad5b5884ccb5d60d35891ef7d308976,9455b7b67cdf3829316a276deae37f6832efd85f
TIDE vs EmT,TIDE,EmT,TrainFold_Majority_Direction_Accuracy,TIDE_better,subject_group,0.0,0.0,0.0,0.0,164,32448,5000,outer_test,e7ad79fe6ad5b5884ccb5d60d35891ef7d308976,9455b7b67cdf3829316a276deae37f6832efd85f
TIDE vs EmT,TIDE,EmT,TrainFold_Majority_Balanced_Direction_Accuracy,TIDE_better,subject_group,0.0,0.0,0.0,0.0,164,32448,5000,outer_test,e7ad79fe6ad5b5884ccb5d60d35891ef7d308976,9455b7b67cdf3829316a276deae37f6832efd85f
TIDE vs EmT,TIDE,EmT,Flat_Transition_Predicted_Change,TIDE_better,subject_group,0.638105160898907,0.6253379101960944,0.6504021709749818,1.0,164,32448,5000,outer_test,e7ad79fe6ad5b5884ccb5d60d35891ef7d308976,9455b7b67cdf3829316a276deae37f6832efd85f
TIDE vs EmT,TIDE,EmT,Chebyshev,TIDE_better,subject_group,0.0004923335606748,-0.000535661638509,0.0015852774297518,0.803,164,32448,5000,outer_test,e7ad79fe6ad5b5884ccb5d60d35891ef7d308976,9455b7b67cdf3829316a276deae37f6832efd85f
TIDE vs EmT,TIDE,EmT,Clark,TIDE_better,subject_group,0.0019276081335064,-0.0023467564604225,0.0066439465108718,0.8058,164,32448,5000,outer_test,e7ad79fe6ad5b5884ccb5d60d35891ef7d308976,9455b7b67cdf3829316a276deae37f6832efd85f
TIDE vs EmT,TIDE,EmT,Canberra,TIDE_better,subject_group,-0.0042359728051085,-0.019202949735781,0.0109591154280153,0.2994,164,32448,5000,outer_test,e7ad79fe6ad5b5884ccb5d60d35891ef7d308976,9455b7b67cdf3829316a276deae37f6832efd85f
TIDE vs EmT,TIDE,EmT,KL,TIDE_better,subject_group,0.0016029178809872,-0.000822088585141,0.0041079741763014,0.9018,164,32448,5000,outer_test,e7ad79fe6ad5b5884ccb5d60d35891ef7d308976,9455b7b67cdf3829316a276deae37f6832efd85f
TIDE vs EmT,TIDE,EmT,Cosine,TIDE_better,subject_group,0.0020187216844673,0.0002479880859641,0.0037999988682453,0.9868,164,32448,5000,outer_test,e7ad79fe6ad5b5884ccb5d60d35891ef7d308976,9455b7b67cdf3829316a276deae37f6832efd85f
TIDE vs EmT,TIDE,EmT,Intersection,TIDE_better,subject_group,0.0017795020792056,0.0001696069623243,0.0034706363825152,0.984,164,32448,5000,outer_test,e7ad79fe6ad5b5884ccb5d60d35891ef7d308976,9455b7b67cdf3829316a276deae37f6832efd85f
TIDE vs TSception,TIDE,TSception,StaticAware_SRCC,TIDE_better,subject_group,0.1396526174159404,0.1291851183435658,0.1502843907736921,1.0,164,32448,5000,outer_test,e7ad79fe6ad5b5884ccb5d60d35891ef7d308976,9455b7b67cdf3829316a276deae37f6832efd85f
TIDE vs TSception,TIDE,TSception,StaticAware_PCC,TIDE_better,subject_group,0.154908787425723,0.1434611166349746,0.1659802039284009,1.0,164,32448,5000,outer_test,e7ad79fe6ad5b5884ccb5d60d35891ef7d308976,9455b7b67cdf3829316a276deae37f6832efd85f
TIDE vs TSception,TIDE,TSception,StaticAware_KendallTauB,TIDE_better,subject_group,0.1155695496182504,0.1068549627631333,0.124309988430731,1.0,164,32448,5000,outer_test,e7ad79fe6ad5b5884ccb5d60d35891ef7d308976,9455b7b67cdf3829316a276deae37f6832efd85f
TIDE vs TSception,TIDE,TSception,TimeAugmented_Discrete_Frechet,TIDE_better,subject_group,0.4020472754817806,0.3653507493914517,0.438995082196114,1.0,164,32448,5000,outer_test,e7ad79fe6ad5b5884ccb5d60d35891ef7d308976,9455b7b67cdf3829316a276deae37f6832efd85f
TIDE vs TSception,TIDE,TSception,TWED_lambda1_nu1,TIDE_better,subject_group,4.222251198267288,3.933369350582646,4.503487926902959,1.0,164,32448,5000,outer_test,e7ad79fe6ad5b5884ccb5d60d35891ef7d308976,9455b7b67cdf3829316a276deae37f6832efd85f
TIDE vs TSception,TIDE,TSception,DTW,TIDE_better,subject_group,0.9215358775507866,0.7128865219892337,1.1249701429277192,1.0,164,32448,5000,outer_test,e7ad79fe6ad5b5884ccb5d60d35891ef7d308976,9455b7b67cdf3829316a276deae37f6832efd85f
TIDE vs TSception,TIDE,TSception,ZMAE,TIDE_better,subject_group,0.0879155448652992,0.0796931667063567,0.0961793236854622,1.0,164,32448,5000,outer_test,e7ad79fe6ad5b5884ccb5d60d35891ef7d308976,9455b7b67cdf3829316a276deae37f6832efd85f
TIDE vs TSception,TIDE,TSception,ZRMSE,TIDE_better,subject_group,0.1683194283005743,0.1588187902816761,0.177818575583347,1.0,164,32448,5000,outer_test,e7ad79fe6ad5b5884ccb5d60d35891ef7d308976,9455b7b67cdf3829316a276deae37f6832efd85f
TIDE vs TSception,TIDE,TSception,ZLinf,TIDE_better,subject_group,0.5784489253624399,0.5545818726798534,0.601437313342663,1.0,164,32448,5000,outer_test,e7ad79fe6ad5b5884ccb5d60d35891ef7d308976,9455b7b67cdf3829316a276deae37f6832efd85f
TIDE vs TSception,TIDE,TSception,DeltaCorr_v1,TIDE_better,subject_group,0.0022332472540165,-0.0017757953380679,0.0062983870095658,0.8632,164,32448,5000,outer_test,e7ad79fe6ad5b5884ccb5d60d35891ef7d308976,9455b7b67cdf3829316a276deae37f6832efd85f
TIDE vs TSception,TIDE,TSception,ChangeMagnitudeCorr,TIDE_better,subject_group,-0.0021873013012065,-0.005755720248797,0.0015953056370847,0.13,164,32448,5000,outer_test,e7ad79fe6ad5b5884ccb5d60d35891ef7d308976,9455b7b67cdf3829316a276deae37f6832efd85f
TIDE vs TSception,TIDE,TSception,LogRatioChangeCorr,TIDE_better,subject_group,0.0044901355367273,0.0005166007850618,0.0084116506095024,0.9872,164,32448,5000,outer_test,e7ad79fe6ad5b5884ccb5d60d35891ef7d308976,9455b7b67cdf3829316a276deae37f6832efd85f
TIDE vs TSception,TIDE,TSception,Directional_Accuracy,TIDE_better,subject_group,0.026561022297393,0.0205257593749747,0.0328418431740143,1.0,164,32448,5000,outer_test,e7ad79fe6ad5b5884ccb5d60d35891ef7d308976,9455b7b67cdf3829316a276deae37f6832efd85f
TIDE vs TSception,TIDE,TSception,Balanced_Nonflat_Directional_Accuracy,TIDE_better,subject_group,0.0245371907152496,0.0185887524320386,0.0306479999906274,1.0,164,32448,5000,outer_test,e7ad79fe6ad5b5884ccb5d60d35891ef7d308976,9455b7b67cdf3829316a276deae37f6832efd85f
TIDE vs TSception,TIDE,TSception,TrainFold_Majority_Direction_Accuracy,TIDE_better,subject_group,0.0,0.0,0.0,0.0,164,32448,5000,outer_test,e7ad79fe6ad5b5884ccb5d60d35891ef7d308976,9455b7b67cdf3829316a276deae37f6832efd85f
TIDE vs TSception,TIDE,TSception,TrainFold_Majority_Balanced_Direction_Accuracy,TIDE_better,subject_group,0.0,0.0,0.0,0.0,164,32448,5000,outer_test,e7ad79fe6ad5b5884ccb5d60d35891ef7d308976,9455b7b67cdf3829316a276deae37f6832efd85f
TIDE vs TSception,TIDE,TSception,Flat_Transition_Predicted_Change,TIDE_better,subject_group,0.7924208438289128,0.7812981316755077,0.8038273654807851,1.0,164,32448,5000,outer_test,e7ad79fe6ad5b5884ccb5d60d35891ef7d308976,9455b7b67cdf3829316a276deae37f6832efd85f
TIDE vs TSception,TIDE,TSception,Chebyshev,TIDE_better,subject_group,-0.0009000056491353,-0.0015019337105283,-0.0002917065679175,0.0022,164,32448,5000,outer_test,e7ad79fe6ad5b5884ccb5d60d35891ef7d308976,9455b7b67cdf3829316a276deae37f6832efd85f
TIDE vs TSception,TIDE,TSception,Clark,TIDE_better,subject_group,0.0035324936680173,0.0011193587703597,0.0059067709477096,0.998,164,32448,5000,outer_test,e7ad79fe6ad5b5884ccb5d60d35891ef7d308976,9455b7b67cdf3829316a276deae37f6832efd85f
TIDE vs TSception,TIDE,TSception,Canberra,TIDE_better,subject_group,0.0160293720729302,0.0076409895828313,0.0243953087835414,1.0,164,32448,5000,outer_test,e7ad79fe6ad5b5884ccb5d60d35891ef7d308976,9455b7b67cdf3829316a276deae37f6832efd85f
TIDE vs TSception,TIDE,TSception,KL,TIDE_better,subject_group,0.0005453311772932,-0.000929087181008,0.0019440903299315,0.771,164,32448,5000,outer_test,e7ad79fe6ad5b5884ccb5d60d35891ef7d308976,9455b7b67cdf3829316a276deae37f6832efd85f
TIDE vs TSception,TIDE,TSception,Cosine,TIDE_better,subject_group,0.001084374131593,8.435585197054003e-05,0.0020940123168183,0.9816,164,32448,5000,outer_test,e7ad79fe6ad5b5884ccb5d60d35891ef7d308976,9455b7b67cdf3829316a276deae37f6832efd85f
TIDE vs TSception,TIDE,TSception,Intersection,TIDE_better,subject_group,0.0024879268154533,0.0014919782405487,0.0034592184399613,1.0,164,32448,5000,outer_test,e7ad79fe6ad5b5884ccb5d60d35891ef7d308976,9455b7b67cdf3829316a276deae37f6832efd85f
TIDE vs EEG Deformer,TIDE,EEG Deformer,StaticAware_SRCC,TIDE_better,subject_group,0.1381163655821145,0.127967536113371,0.148015143241052,1.0,164,32448,5000,outer_test,e7ad79fe6ad5b5884ccb5d60d35891ef7d308976,9455b7b67cdf3829316a276deae37f6832efd85f
TIDE vs EEG Deformer,TIDE,EEG Deformer,StaticAware_PCC,TIDE_better,subject_group,0.153116382910662,0.1424567030927264,0.1642131519528615,1.0,164,32448,5000,outer_test,e7ad79fe6ad5b5884ccb5d60d35891ef7d308976,9455b7b67cdf3829316a276deae37f6832efd85f
TIDE vs EEG Deformer,TIDE,EEG Deformer,StaticAware_KendallTauB,TIDE_better,subject_group,0.1144639832141807,0.1058332696207369,0.1231924570994566,1.0,164,32448,5000,outer_test,e7ad79fe6ad5b5884ccb5d60d35891ef7d308976,9455b7b67cdf3829316a276deae37f6832efd85f
TIDE vs EEG Deformer,TIDE,EEG Deformer,TimeAugmented_Discrete_Frechet,TIDE_better,subject_group,0.3784984557557675,0.3424903844945861,0.4136093315525598,1.0,164,32448,5000,outer_test,e7ad79fe6ad5b5884ccb5d60d35891ef7d308976,9455b7b67cdf3829316a276deae37f6832efd85f
TIDE vs EEG Deformer,TIDE,EEG Deformer,TWED_lambda1_nu1,TIDE_better,subject_group,4.325699014631934,4.051004979447838,4.59098212193084,1.0,164,32448,5000,outer_test,e7ad79fe6ad5b5884ccb5d60d35891ef7d308976,9455b7b67cdf3829316a276deae37f6832efd85f
TIDE vs EEG Deformer,TIDE,EEG Deformer,DTW,TIDE_better,subject_group,0.9626462425590258,0.7623199184984947,1.1694205385849288,1.0,164,32448,5000,outer_test,e7ad79fe6ad5b5884ccb5d60d35891ef7d308976,9455b7b67cdf3829316a276deae37f6832efd85f
TIDE vs EEG Deformer,TIDE,EEG Deformer,ZMAE,TIDE_better,subject_group,0.0898935257032028,0.0820430503489413,0.098085687204261,1.0,164,32448,5000,outer_test,e7ad79fe6ad5b5884ccb5d60d35891ef7d308976,9455b7b67cdf3829316a276deae37f6832efd85f
TIDE vs EEG Deformer,TIDE,EEG Deformer,ZRMSE,TIDE_better,subject_group,0.1672124198963577,0.1577154326011124,0.1767201556817387,1.0,164,32448,5000,outer_test,e7ad79fe6ad5b5884ccb5d60d35891ef7d308976,9455b7b67cdf3829316a276deae37f6832efd85f
TIDE vs EEG Deformer,TIDE,EEG Deformer,ZLinf,TIDE_better,subject_group,0.5517892677839416,0.5269097318165825,0.5756747741264229,1.0,164,32448,5000,outer_test,e7ad79fe6ad5b5884ccb5d60d35891ef7d308976,9455b7b67cdf3829316a276deae37f6832efd85f
TIDE vs EEG Deformer,TIDE,EEG Deformer,DeltaCorr_v1,TIDE_better,subject_group,0.0024107871050283,-0.001370319591953,0.0063233066379675,0.8904,164,32448,5000,outer_test,e7ad79fe6ad5b5884ccb5d60d35891ef7d308976,9455b7b67cdf3829316a276deae37f6832efd85f
TIDE vs EEG Deformer,TIDE,EEG Deformer,ChangeMagnitudeCorr,TIDE_better,subject_group,0.0003800085325877,-0.0036937381519332,0.0044200894818272,0.5712,164,32448,5000,outer_test,e7ad79fe6ad5b5884ccb5d60d35891ef7d308976,9455b7b67cdf3829316a276deae37f6832efd85f
TIDE vs EEG Deformer,TIDE,EEG Deformer,LogRatioChangeCorr,TIDE_better,subject_group,0.0046048332004125,0.0006977198543413,0.008401190817082,0.9908,164,32448,5000,outer_test,e7ad79fe6ad5b5884ccb5d60d35891ef7d308976,9455b7b67cdf3829316a276deae37f6832efd85f
TIDE vs EEG Deformer,TIDE,EEG Deformer,Directional_Accuracy,TIDE_better,subject_group,0.0276849538146557,0.02131367552327,0.0341199541809549,1.0,164,32448,5000,outer_test,e7ad79fe6ad5b5884ccb5d60d35891ef7d308976,9455b7b67cdf3829316a276deae37f6832efd85f
TIDE vs EEG Deformer,TIDE,EEG Deformer,Balanced_Nonflat_Directional_Accuracy,TIDE_better,subject_group,0.0261008749327131,0.0195939093125223,0.0325271555549642,1.0,164,32448,5000,outer_test,e7ad79fe6ad5b5884ccb5d60d35891ef7d308976,9455b7b67cdf3829316a276deae37f6832efd85f
TIDE vs EEG Deformer,TIDE,EEG Deformer,TrainFold_Majority_Direction_Accuracy,TIDE_better,subject_group,0.0,0.0,0.0,0.0,164,32448,5000,outer_test,e7ad79fe6ad5b5884ccb5d60d35891ef7d308976,9455b7b67cdf3829316a276deae37f6832efd85f
TIDE vs EEG Deformer,TIDE,EEG Deformer,TrainFold_Majority_Balanced_Direction_Accuracy,TIDE_better,subject_group,0.0,0.0,0.0,0.0,164,32448,5000,outer_test,e7ad79fe6ad5b5884ccb5d60d35891ef7d308976,9455b7b67cdf3829316a276deae37f6832efd85f
TIDE vs EEG Deformer,TIDE,EEG Deformer,Flat_Transition_Predicted_Change,TIDE_better,subject_group,0.8050404716825524,0.7946579678238301,0.8151926760933601,1.0,164,32448,5000,outer_test,e7ad79fe6ad5b5884ccb5d60d35891ef7d308976,9455b7b67cdf3829316a276deae37f6832efd85f
TIDE vs EEG Deformer,TIDE,EEG Deformer,Chebyshev,TIDE_better,subject_group,0.0008260276488042,8.315918643315535e-05,0.0015753313903737,0.9866,164,32448,5000,outer_test,e7ad79fe6ad5b5884ccb5d60d35891ef7d308976,9455b7b67cdf3829316a276deae37f6832efd85f
TIDE vs EEG Deformer,TIDE,EEG Deformer,Clark,TIDE_better,subject_group,0.0090556065803845,0.0057374450446362,0.0124059088261272,1.0,164,32448,5000,outer_test,e7ad79fe6ad5b5884ccb5d60d35891ef7d308976,9455b7b67cdf3829316a276deae37f6832efd85f
TIDE vs EEG Deformer,TIDE,EEG Deformer,Canberra,TIDE_better,subject_group,0.0256706793314979,0.0152827575232096,0.0355043703503182,1.0,164,32448,5000,outer_test,e7ad79fe6ad5b5884ccb5d60d35891ef7d308976,9455b7b67cdf3829316a276deae37f6832efd85f
TIDE vs EEG Deformer,TIDE,EEG Deformer,KL,TIDE_better,subject_group,0.0040532073591098,0.0021835220146067,0.0058922877445375,1.0,164,32448,5000,outer_test,e7ad79fe6ad5b5884ccb5d60d35891ef7d308976,9455b7b67cdf3829316a276deae37f6832efd85f
TIDE vs EEG Deformer,TIDE,EEG Deformer,Cosine,TIDE_better,subject_group,0.0038960701224382,0.0026145597393467,0.0051599804593445,1.0,164,32448,5000,outer_test,e7ad79fe6ad5b5884ccb5d60d35891ef7d308976,9455b7b67cdf3829316a276deae37f6832efd85f
TIDE vs EEG Deformer,TIDE,EEG Deformer,Intersection,TIDE_better,subject_group,0.0047995654283711,0.0036212479219092,0.0059438916996439,1.0,164,32448,5000,outer_test,e7ad79fe6ad5b5884ccb5d60d35891ef7d308976,9455b7b67cdf3829316a276deae37f6832efd85f
TIDE vs CBraMod scratch,TIDE,CBraMod scratch,StaticAware_SRCC,TIDE_better,subject_group,0.1401549734550061,0.129611763247398,0.1508452373360143,1.0,164,32448,5000,outer_test,e7ad79fe6ad5b5884ccb5d60d35891ef7d308976,9455b7b67cdf3829316a276deae37f6832efd85f
TIDE vs CBraMod scratch,TIDE,CBraMod scratch,StaticAware_PCC,TIDE_better,subject_group,0.1551925079198317,0.1434985217232966,0.1661152995368177,1.0,164,32448,5000,outer_test,e7ad79fe6ad5b5884ccb5d60d35891ef7d308976,9455b7b67cdf3829316a276deae37f6832efd85f
TIDE vs CBraMod scratch,TIDE,CBraMod scratch,StaticAware_KendallTauB,TIDE_better,subject_group,0.1160434318847196,0.1069830205155531,0.1251321868419136,1.0,164,32448,5000,outer_test,e7ad79fe6ad5b5884ccb5d60d35891ef7d308976,9455b7b67cdf3829316a276deae37f6832efd85f
TIDE vs CBraMod scratch,TIDE,CBraMod scratch,TimeAugmented_Discrete_Frechet,TIDE_better,subject_group,0.3913793012498759,0.3566357208621791,0.4273471927552721,1.0,164,32448,5000,outer_test,e7ad79fe6ad5b5884ccb5d60d35891ef7d308976,9455b7b67cdf3829316a276deae37f6832efd85f
TIDE vs CBraMod scratch,TIDE,CBraMod scratch,TWED_lambda1_nu1,TIDE_better,subject_group,4.391895872477739,4.0996970786171785,4.676326425404267,1.0,164,32448,5000,outer_test,e7ad79fe6ad5b5884ccb5d60d35891ef7d308976,9455b7b67cdf3829316a276deae37f6832efd85f
TIDE vs CBraMod scratch,TIDE,CBraMod scratch,DTW,TIDE_better,subject_group,0.9767518022328714,0.7497713833598223,1.1917326946413758,1.0,164,32448,5000,outer_test,e7ad79fe6ad5b5884ccb5d60d35891ef7d308976,9455b7b67cdf3829316a276deae37f6832efd85f
TIDE vs CBraMod scratch,TIDE,CBraMod scratch,ZMAE,TIDE_better,subject_group,0.0902530266766207,0.0822218937795241,0.0986296201632064,1.0,164,32448,5000,outer_test,e7ad79fe6ad5b5884ccb5d60d35891ef7d308976,9455b7b67cdf3829316a276deae37f6832efd85f
TIDE vs CBraMod scratch,TIDE,CBraMod scratch,ZRMSE,TIDE_better,subject_group,0.168845648764692,0.1589522747938568,0.178923787284195,1.0,164,32448,5000,outer_test,e7ad79fe6ad5b5884ccb5d60d35891ef7d308976,9455b7b67cdf3829316a276deae37f6832efd85f
TIDE vs CBraMod scratch,TIDE,CBraMod scratch,ZLinf,TIDE_better,subject_group,0.5561847586809892,0.5335057217005339,0.5803405609158598,1.0,164,32448,5000,outer_test,e7ad79fe6ad5b5884ccb5d60d35891ef7d308976,9455b7b67cdf3829316a276deae37f6832efd85f
TIDE vs CBraMod scratch,TIDE,CBraMod scratch,DeltaCorr_v1,TIDE_better,subject_group,0.0016650413181829,-0.0022480557478295,0.0055479499603811,0.8038,164,32448,5000,outer_test,e7ad79fe6ad5b5884ccb5d60d35891ef7d308976,9455b7b67cdf3829316a276deae37f6832efd85f
TIDE vs CBraMod scratch,TIDE,CBraMod scratch,ChangeMagnitudeCorr,TIDE_better,subject_group,-0.0027038067838407,-0.006606286426006,0.0013158890407972,0.0896,164,32448,5000,outer_test,e7ad79fe6ad5b5884ccb5d60d35891ef7d308976,9455b7b67cdf3829316a276deae37f6832efd85f
TIDE vs CBraMod scratch,TIDE,CBraMod scratch,LogRatioChangeCorr,TIDE_better,subject_group,0.0042990886216738,0.0004065333655577,0.0082485203901051,0.985,164,32448,5000,outer_test,e7ad79fe6ad5b5884ccb5d60d35891ef7d308976,9455b7b67cdf3829316a276deae37f6832efd85f
TIDE vs CBraMod scratch,TIDE,CBraMod scratch,Directional_Accuracy,TIDE_better,subject_group,0.0285262108767471,0.022663761845146,0.0344293840890106,1.0,164,32448,5000,outer_test,e7ad79fe6ad5b5884ccb5d60d35891ef7d308976,9455b7b67cdf3829316a276deae37f6832efd85f
TIDE vs CBraMod scratch,TIDE,CBraMod scratch,Balanced_Nonflat_Directional_Accuracy,TIDE_better,subject_group,0.0265174029950942,0.0205814440133193,0.0325141062272031,1.0,164,32448,5000,outer_test,e7ad79fe6ad5b5884ccb5d60d35891ef7d308976,9455b7b67cdf3829316a276deae37f6832efd85f
TIDE vs CBraMod scratch,TIDE,CBraMod scratch,TrainFold_Majority_Direction_Accuracy,TIDE_better,subject_group,0.0,0.0,0.0,0.0,164,32448,5000,outer_test,e7ad79fe6ad5b5884ccb5d60d35891ef7d308976,9455b7b67cdf3829316a276deae37f6832efd85f
TIDE vs CBraMod scratch,TIDE,CBraMod scratch,TrainFold_Majority_Balanced_Direction_Accuracy,TIDE_better,subject_group,0.0,0.0,0.0,0.0,164,32448,5000,outer_test,e7ad79fe6ad5b5884ccb5d60d35891ef7d308976,9455b7b67cdf3829316a276deae37f6832efd85f
TIDE vs CBraMod scratch,TIDE,CBraMod scratch,Flat_Transition_Predicted_Change,TIDE_better,subject_group,0.8135742021334508,0.8021193608098298,0.8247630347153739,1.0,164,32448,5000,outer_test,e7ad79fe6ad5b5884ccb5d60d35891ef7d308976,9455b7b67cdf3829316a276deae37f6832efd85f
TIDE vs CBraMod scratch,TIDE,CBraMod scratch,Chebyshev,TIDE_better,subject_group,-9.83123518802426e-06,-0.0005411934814026,0.0005351194022215,0.4928,164,32448,5000,outer_test,e7ad79fe6ad5b5884ccb5d60d35891ef7d308976,9455b7b67cdf3829316a276deae37f6832efd85f
TIDE vs CBraMod scratch,TIDE,CBraMod scratch,Clark,TIDE_better,subject_group,0.0118416527808964,0.0099702340363581,0.0136650586869347,1.0,164,32448,5000,outer_test,e7ad79fe6ad5b5884ccb5d60d35891ef7d308976,9455b7b67cdf3829316a276deae37f6832efd85f
TIDE vs CBraMod scratch,TIDE,CBraMod scratch,Canberra,TIDE_better,subject_group,0.0396922770810618,0.0325736577414282,0.0465071600716495,1.0,164,32448,5000,outer_test,e7ad79fe6ad5b5884ccb5d60d35891ef7d308976,9455b7b67cdf3829316a276deae37f6832efd85f
TIDE vs CBraMod scratch,TIDE,CBraMod scratch,KL,TIDE_better,subject_group,0.0033649319110258,0.002359178242568,0.0043422784592076,1.0,164,32448,5000,outer_test,e7ad79fe6ad5b5884ccb5d60d35891ef7d308976,9455b7b67cdf3829316a276deae37f6832efd85f
TIDE vs CBraMod scratch,TIDE,CBraMod scratch,Cosine,TIDE_better,subject_group,0.0031311588132259,0.0023508055962228,0.003854829750832,1.0,164,32448,5000,outer_test,e7ad79fe6ad5b5884ccb5d60d35891ef7d308976,9455b7b67cdf3829316a276deae37f6832efd85f
TIDE vs CBraMod scratch,TIDE,CBraMod scratch,Intersection,TIDE_better,subject_group,0.0050323421837739,0.0041772914177545,0.0058690486512273,1.0,164,32448,5000,outer_test,e7ad79fe6ad5b5884ccb5d60d35891ef7d308976,9455b7b67cdf3829316a276deae37f6832efd85f
TIDE vs HeLo task adapted,TIDE,HeLo task adapted,StaticAware_SRCC,TIDE_better,subject_group,0.1415275426456681,0.1311448396156334,0.1521614859034193,1.0,164,32448,5000,outer_test,e7ad79fe6ad5b5884ccb5d60d35891ef7d308976,9455b7b67cdf3829316a276deae37f6832efd85f
TIDE vs HeLo task adapted,TIDE,HeLo task adapted,StaticAware_PCC,TIDE_better,subject_group,0.1562680784553675,0.1449800374775127,0.1675448292146353,1.0,164,32448,5000,outer_test,e7ad79fe6ad5b5884ccb5d60d35891ef7d308976,9455b7b67cdf3829316a276deae37f6832efd85f
TIDE vs HeLo task adapted,TIDE,HeLo task adapted,StaticAware_KendallTauB,TIDE_better,subject_group,0.1172020375401666,0.1088598151981121,0.1258084743615131,1.0,164,32448,5000,outer_test,e7ad79fe6ad5b5884ccb5d60d35891ef7d308976,9455b7b67cdf3829316a276deae37f6832efd85f
TIDE vs HeLo task adapted,TIDE,HeLo task adapted,TimeAugmented_Discrete_Frechet,TIDE_better,subject_group,0.4533088253379686,0.4143582459853662,0.4914424156493815,1.0,164,32448,5000,outer_test,e7ad79fe6ad5b5884ccb5d60d35891ef7d308976,9455b7b67cdf3829316a276deae37f6832efd85f
TIDE vs HeLo task adapted,TIDE,HeLo task adapted,TWED_lambda1_nu1,TIDE_better,subject_group,4.223605050785056,3.927878174885204,4.512943575884795,1.0,164,32448,5000,outer_test,e7ad79fe6ad5b5884ccb5d60d35891ef7d308976,9455b7b67cdf3829316a276deae37f6832efd85f
TIDE vs HeLo task adapted,TIDE,HeLo task adapted,DTW,TIDE_better,subject_group,0.8806562193808185,0.6714965992807332,1.0913338992766215,1.0,164,32448,5000,outer_test,e7ad79fe6ad5b5884ccb5d60d35891ef7d308976,9455b7b67cdf3829316a276deae37f6832efd85f
TIDE vs HeLo task adapted,TIDE,HeLo task adapted,ZMAE,TIDE_better,subject_group,0.0823485219367431,0.0737808663633918,0.0905683564187024,1.0,164,32448,5000,outer_test,e7ad79fe6ad5b5884ccb5d60d35891ef7d308976,9455b7b67cdf3829316a276deae37f6832efd85f
TIDE vs HeLo task adapted,TIDE,HeLo task adapted,ZRMSE,TIDE_better,subject_group,0.1704743559599725,0.1604149033874412,0.17983890585197,1.0,164,32448,5000,outer_test,e7ad79fe6ad5b5884ccb5d60d35891ef7d308976,9455b7b67cdf3829316a276deae37f6832efd85f
TIDE vs HeLo task adapted,TIDE,HeLo task adapted,ZLinf,TIDE_better,subject_group,0.6394270372030467,0.6143193447185101,0.6647114491646542,1.0,164,32448,5000,outer_test,e7ad79fe6ad5b5884ccb5d60d35891ef7d308976,9455b7b67cdf3829316a276deae37f6832efd85f
TIDE vs HeLo task adapted,TIDE,HeLo task adapted,DeltaCorr_v1,TIDE_better,subject_group,0.0042247496792051,0.0002243952120409,0.0081227919226516,0.9818,164,32448,5000,outer_test,e7ad79fe6ad5b5884ccb5d60d35891ef7d308976,9455b7b67cdf3829316a276deae37f6832efd85f
TIDE vs HeLo task adapted,TIDE,HeLo task adapted,ChangeMagnitudeCorr,TIDE_better,subject_group,-0.0028100066289399,-0.0069338578516567,0.0011887629310078,0.0796,164,32448,5000,outer_test,e7ad79fe6ad5b5884ccb5d60d35891ef7d308976,9455b7b67cdf3829316a276deae37f6832efd85f
TIDE vs HeLo task adapted,TIDE,HeLo task adapted,LogRatioChangeCorr,TIDE_better,subject_group,0.0060409092931668,0.0019241344374534,0.0101223182184399,0.9978,164,32448,5000,outer_test,e7ad79fe6ad5b5884ccb5d60d35891ef7d308976,9455b7b67cdf3829316a276deae37f6832efd85f
TIDE vs HeLo task adapted,TIDE,HeLo task adapted,Directional_Accuracy,TIDE_better,subject_group,0.0311615379493143,0.0248189254429396,0.0374680993035502,1.0,164,32448,5000,outer_test,e7ad79fe6ad5b5884ccb5d60d35891ef7d308976,9455b7b67cdf3829316a276deae37f6832efd85f
TIDE vs HeLo task adapted,TIDE,HeLo task adapted,Balanced_Nonflat_Directional_Accuracy,TIDE_better,subject_group,0.0289373969013813,0.0223950377139651,0.0355228832553533,1.0,164,32448,5000,outer_test,e7ad79fe6ad5b5884ccb5d60d35891ef7d308976,9455b7b67cdf3829316a276deae37f6832efd85f
TIDE vs HeLo task adapted,TIDE,HeLo task adapted,TrainFold_Majority_Direction_Accuracy,TIDE_better,subject_group,0.0,0.0,0.0,0.0,164,32448,5000,outer_test,e7ad79fe6ad5b5884ccb5d60d35891ef7d308976,9455b7b67cdf3829316a276deae37f6832efd85f
TIDE vs HeLo task adapted,TIDE,HeLo task adapted,TrainFold_Majority_Balanced_Direction_Accuracy,TIDE_better,subject_group,0.0,0.0,0.0,0.0,164,32448,5000,outer_test,e7ad79fe6ad5b5884ccb5d60d35891ef7d308976,9455b7b67cdf3829316a276deae37f6832efd85f
TIDE vs HeLo task adapted,TIDE,HeLo task adapted,Flat_Transition_Predicted_Change,TIDE_better,subject_group,0.8114426753760755,0.8003733912604785,0.8220902855735364,1.0,164,32448,5000,outer_test,e7ad79fe6ad5b5884ccb5d60d35891ef7d308976,9455b7b67cdf3829316a276deae37f6832efd85f
TIDE vs HeLo task adapted,TIDE,HeLo task adapted,Chebyshev,TIDE_better,subject_group,-0.00103740055942,-0.0014396570382515,-0.0006197410811129,0.0,164,32448,5000,outer_test,e7ad79fe6ad5b5884ccb5d60d35891ef7d308976,9455b7b67cdf3829316a276deae37f6832efd85f
TIDE vs HeLo task adapted,TIDE,HeLo task adapted,Clark,TIDE_better,subject_group,0.0073068583142806,0.0057172192469137,0.0089466265059781,1.0,164,32448,5000,outer_test,e7ad79fe6ad5b5884ccb5d60d35891ef7d308976,9455b7b67cdf3829316a276deae37f6832efd85f
TIDE vs HeLo task adapted,TIDE,HeLo task adapted,Canberra,TIDE_better,subject_group,0.0283120418423822,0.0219924303207515,0.0343034231663749,1.0,164,32448,5000,outer_test,e7ad79fe6ad5b5884ccb5d60d35891ef7d308976,9455b7b67cdf3829316a276deae37f6832efd85f
TIDE vs HeLo task adapted,TIDE,HeLo task adapted,KL,TIDE_better,subject_group,0.0016835254451981,0.0007750910882905,0.0025466827127364,1.0,164,32448,5000,outer_test,e7ad79fe6ad5b5884ccb5d60d35891ef7d308976,9455b7b67cdf3829316a276deae37f6832efd85f
TIDE vs HeLo task adapted,TIDE,HeLo task adapted,Cosine,TIDE_better,subject_group,0.0015755143318789,0.0008713388535099,0.0022633549604173,1.0,164,32448,5000,outer_test,e7ad79fe6ad5b5884ccb5d60d35891ef7d308976,9455b7b67cdf3829316a276deae37f6832efd85f
TIDE vs HeLo task adapted,TIDE,HeLo task adapted,Intersection,TIDE_better,subject_group,0.0034247154004743,0.0026363122608648,0.0041839595358209,1.0,164,32448,5000,outer_test,e7ad79fe6ad5b5884ccb5d60d35891ef7d308976,9455b7b67cdf3829316a276deae37f6832efd85f
TIDE vs no_context,TIDE,no_context,StaticAware_SRCC,TIDE_better,dyad_group,0.1350508859299939,0.1249799665037755,0.144834486647235,1.0,86,32448,5000,outer_test,e7ad79fe6ad5b5884ccb5d60d35891ef7d308976,e7ad79fe6ad5b5884ccb5d60d35891ef7d308976
TIDE vs no_context,TIDE,no_context,StaticAware_SRCC,TIDE_better,subject_group,0.1350508859299939,0.1242536824318864,0.1451972552388478,1.0,164,32448,5000,outer_test,e7ad79fe6ad5b5884ccb5d60d35891ef7d308976,e7ad79fe6ad5b5884ccb5d60d35891ef7d308976
TIDE vs no_context,TIDE,no_context,StaticAware_PCC,TIDE_better,dyad_group,0.1478991590144221,0.1371224561764726,0.1586407701046581,1.0,86,32448,5000,outer_test,e7ad79fe6ad5b5884ccb5d60d35891ef7d308976,e7ad79fe6ad5b5884ccb5d60d35891ef7d308976
TIDE vs no_context,TIDE,no_context,StaticAware_PCC,TIDE_better,subject_group,0.1478991590144221,0.1366749455332625,0.1586949745179314,1.0,164,32448,5000,outer_test,e7ad79fe6ad5b5884ccb5d60d35891ef7d308976,e7ad79fe6ad5b5884ccb5d60d35891ef7d308976
TIDE vs no_context,TIDE,no_context,StaticAware_KendallTauB,TIDE_better,dyad_group,0.1120990052563116,0.1037802420372968,0.1204871673162875,1.0,86,32448,5000,outer_test,e7ad79fe6ad5b5884ccb5d60d35891ef7d308976,e7ad79fe6ad5b5884ccb5d60d35891ef7d308976
TIDE vs no_context,TIDE,no_context,StaticAware_KendallTauB,TIDE_better,subject_group,0.1120990052563116,0.1035704046092179,0.1203980716201126,1.0,164,32448,5000,outer_test,e7ad79fe6ad5b5884ccb5d60d35891ef7d308976,e7ad79fe6ad5b5884ccb5d60d35891ef7d308976
TIDE vs no_context,TIDE,no_context,TimeAugmented_Discrete_Frechet,TIDE_better,dyad_group,0.5056171424406041,0.4643514136338146,0.5480058089690687,1.0,86,32448,5000,outer_test,e7ad79fe6ad5b5884ccb5d60d35891ef7d308976,e7ad79fe6ad5b5884ccb5d60d35891ef7d308976
TIDE vs no_context,TIDE,no_context,TimeAugmented_Discrete_Frechet,TIDE_better,subject_group,0.5056171424406041,0.4662611196144361,0.5427114982844773,1.0,164,32448,5000,outer_test,e7ad79fe6ad5b5884ccb5d60d35891ef7d308976,e7ad79fe6ad5b5884ccb5d60d35891ef7d308976
TIDE vs no_context,TIDE,no_context,TWED_lambda1_nu1,TIDE_better,dyad_group,3.078031001122953,2.781020785957973,3.367601764230052,1.0,86,32448,5000,outer_test,e7ad79fe6ad5b5884ccb5d60d35891ef7d308976,e7ad79fe6ad5b5884ccb5d60d35891ef7d308976
TIDE vs no_context,TIDE,no_context,TWED_lambda1_nu1,TIDE_better,subject_group,3.078031001122952,2.78680794644422,3.3692585908752983,1.0,164,32448,5000,outer_test,e7ad79fe6ad5b5884ccb5d60d35891ef7d308976,e7ad79fe6ad5b5884ccb5d60d35891ef7d308976
TIDE vs no_context,TIDE,no_context,DTW,TIDE_better,dyad_group,0.6008886005915014,0.4016532655989068,0.8035460690873606,1.0,86,32448,5000,outer_test,e7ad79fe6ad5b5884ccb5d60d35891ef7d308976,e7ad79fe6ad5b5884ccb5d60d35891ef7d308976
TIDE vs no_context,TIDE,no_context,DTW,TIDE_better,subject_group,0.6008886005915014,0.3962138174024646,0.7964714349722268,1.0,164,32448,5000,outer_test,e7ad79fe6ad5b5884ccb5d60d35891ef7d308976,e7ad79fe6ad5b5884ccb5d60d35891ef7d308976
TIDE vs no_context,TIDE,no_context,ZMAE,TIDE_better,dyad_group,0.0677829517003518,0.0596453099115246,0.0757129903040689,1.0,86,32448,5000,outer_test,e7ad79fe6ad5b5884ccb5d60d35891ef7d308976,e7ad79fe6ad5b5884ccb5d60d35891ef7d308976
TIDE vs no_context,TIDE,no_context,ZMAE,TIDE_better,subject_group,0.0677829517003518,0.0593389761866292,0.0763633468153301,1.0,164,32448,5000,outer_test,e7ad79fe6ad5b5884ccb5d60d35891ef7d308976,e7ad79fe6ad5b5884ccb5d60d35891ef7d308976
TIDE vs no_context,TIDE,no_context,ZRMSE,TIDE_better,dyad_group,0.1601858246431386,0.1510998740699227,0.1695409623580589,1.0,86,32448,5000,outer_test,e7ad79fe6ad5b5884ccb5d60d35891ef7d308976,e7ad79fe6ad5b5884ccb5d60d35891ef7d308976
TIDE vs no_context,TIDE,no_context,ZRMSE,TIDE_better,subject_group,0.1601858246431385,0.1507630639213477,0.1699863413726848,1.0,164,32448,5000,outer_test,e7ad79fe6ad5b5884ccb5d60d35891ef7d308976,e7ad79fe6ad5b5884ccb5d60d35891ef7d308976
TIDE vs no_context,TIDE,no_context,ZLinf,TIDE_better,dyad_group,0.6728177215362501,0.6440836919159489,0.7007595464887454,1.0,86,32448,5000,outer_test,e7ad79fe6ad5b5884ccb5d60d35891ef7d308976,e7ad79fe6ad5b5884ccb5d60d35891ef7d308976
TIDE vs no_context,TIDE,no_context,ZLinf,TIDE_better,subject_group,0.6728177215362502,0.6460072884495972,0.6989797310056434,1.0,164,32448,5000,outer_test,e7ad79fe6ad5b5884ccb5d60d35891ef7d308976,e7ad79fe6ad5b5884ccb5d60d35891ef7d308976
TIDE vs no_context,TIDE,no_context,DeltaCorr_v1,TIDE_better,dyad_group,0.0014390991409356,-0.0021157378780039,0.0050391688236755,0.7786,86,32448,5000,outer_test,e7ad79fe6ad5b5884ccb5d60d35891ef7d308976,e7ad79fe6ad5b5884ccb5d60d35891ef7d308976
TIDE vs no_context,TIDE,no_context,DeltaCorr_v1,TIDE_better,subject_group,0.0014390991409356,-0.0026003370420713,0.0054346901332468,0.7492,164,32448,5000,outer_test,e7ad79fe6ad5b5884ccb5d60d35891ef7d308976,e7ad79fe6ad5b5884ccb5d60d35891ef7d308976
TIDE vs no_context,TIDE,no_context,ChangeMagnitudeCorr,TIDE_better,dyad_group,-0.0006556573552032,-0.0045926254298715,0.0030879976788276,0.3694,86,32448,5000,outer_test,e7ad79fe6ad5b5884ccb5d60d35891ef7d308976,e7ad79fe6ad5b5884ccb5d60d35891ef7d308976
TIDE vs no_context,TIDE,no_context,ChangeMagnitudeCorr,TIDE_better,subject_group,-0.0006556573552032,-0.0045179233079993,0.003087943278161,0.3584,164,32448,5000,outer_test,e7ad79fe6ad5b5884ccb5d60d35891ef7d308976,e7ad79fe6ad5b5884ccb5d60d35891ef7d308976
TIDE vs no_context,TIDE,no_context,LogRatioChangeCorr,TIDE_better,dyad_group,0.0024191473128124,-0.0010675194960814,0.0059867798046177,0.9134,86,32448,5000,outer_test,e7ad79fe6ad5b5884ccb5d60d35891ef7d308976,e7ad79fe6ad5b5884ccb5d60d35891ef7d308976
TIDE vs no_context,TIDE,no_context,LogRatioChangeCorr,TIDE_better,subject_group,0.0024191473128124,-0.0015012930136477,0.0063516640873822,0.883,164,32448,5000,outer_test,e7ad79fe6ad5b5884ccb5d60d35891ef7d308976,e7ad79fe6ad5b5884ccb5d60d35891ef7d308976
TIDE vs no_context,TIDE,no_context,Directional_Accuracy,TIDE_better,dyad_group,0.0288669922693896,0.0232834504309727,0.0347002566998886,1.0,86,32448,5000,outer_test,e7ad79fe6ad5b5884ccb5d60d35891ef7d308976,e7ad79fe6ad5b5884ccb5d60d35891ef7d308976
TIDE vs no_context,TIDE,no_context,Directional_Accuracy,TIDE_better,subject_group,0.0288669922693896,0.0229484004914197,0.0350080793662755,1.0,164,32448,5000,outer_test,e7ad79fe6ad5b5884ccb5d60d35891ef7d308976,e7ad79fe6ad5b5884ccb5d60d35891ef7d308976
TIDE vs no_context,TIDE,no_context,Balanced_Nonflat_Directional_Accuracy,TIDE_better,dyad_group,0.0264219909483627,0.0208626173861008,0.0323214444961987,1.0,86,32448,5000,outer_test,e7ad79fe6ad5b5884ccb5d60d35891ef7d308976,e7ad79fe6ad5b5884ccb5d60d35891ef7d308976
TIDE vs no_context,TIDE,no_context,Balanced_Nonflat_Directional_Accuracy,TIDE_better,subject_group,0.0264219909483627,0.0204420859006482,0.032355775103503,1.0,164,32448,5000,outer_test,e7ad79fe6ad5b5884ccb5d60d35891ef7d308976,e7ad79fe6ad5b5884ccb5d60d35891ef7d308976
TIDE vs no_context,TIDE,no_context,TrainFold_Majority_Direction_Accuracy,TIDE_better,dyad_group,0.0,0.0,0.0,0.0,86,32448,5000,outer_test,e7ad79fe6ad5b5884ccb5d60d35891ef7d308976,e7ad79fe6ad5b5884ccb5d60d35891ef7d308976
TIDE vs no_context,TIDE,no_context,TrainFold_Majority_Direction_Accuracy,TIDE_better,subject_group,0.0,0.0,0.0,0.0,164,32448,5000,outer_test,e7ad79fe6ad5b5884ccb5d60d35891ef7d308976,e7ad79fe6ad5b5884ccb5d60d35891ef7d308976
TIDE vs no_context,TIDE,no_context,TrainFold_Majority_Balanced_Direction_Accuracy,TIDE_better,dyad_group,0.0,0.0,0.0,0.0,86,32448,5000,outer_test,e7ad79fe6ad5b5884ccb5d60d35891ef7d308976,e7ad79fe6ad5b5884ccb5d60d35891ef7d308976
TIDE vs no_context,TIDE,no_context,TrainFold_Majority_Balanced_Direction_Accuracy,TIDE_better,subject_group,0.0,0.0,0.0,0.0,164,32448,5000,outer_test,e7ad79fe6ad5b5884ccb5d60d35891ef7d308976,e7ad79fe6ad5b5884ccb5d60d35891ef7d308976
TIDE vs no_context,TIDE,no_context,Flat_Transition_Predicted_Change,TIDE_better,dyad_group,0.635171103816682,0.6158163610909319,0.6550465303238135,1.0,86,32448,5000,outer_test,e7ad79fe6ad5b5884ccb5d60d35891ef7d308976,e7ad79fe6ad5b5884ccb5d60d35891ef7d308976
TIDE vs no_context,TIDE,no_context,Flat_Transition_Predicted_Change,TIDE_better,subject_group,0.635171103816682,0.6186875997099981,0.6509324019709459,1.0,164,32448,5000,outer_test,e7ad79fe6ad5b5884ccb5d60d35891ef7d308976,e7ad79fe6ad5b5884ccb5d60d35891ef7d308976
TIDE vs no_context,TIDE,no_context,Chebyshev,TIDE_better,dyad_group,0.0001403313739246,-8.874952592239137e-06,0.0002888831615014,0.9674,86,32448,5000,outer_test,e7ad79fe6ad5b5884ccb5d60d35891ef7d308976,e7ad79fe6ad5b5884ccb5d60d35891ef7d308976
TIDE vs no_context,TIDE,no_context,Chebyshev,TIDE_better,subject_group,0.0001403313739246,-1.5795243937917663e-05,0.0002934834640038,0.9598,164,32448,5000,outer_test,e7ad79fe6ad5b5884ccb5d60d35891ef7d308976,e7ad79fe6ad5b5884ccb5d60d35891ef7d308976
TIDE vs no_context,TIDE,no_context,Clark,TIDE_better,dyad_group,0.0015356627423978,0.0008150439639194,0.0022173347086902,1.0,86,32448,5000,outer_test,e7ad79fe6ad5b5884ccb5d60d35891ef7d308976,e7ad79fe6ad5b5884ccb5d60d35891ef7d308976
TIDE vs no_context,TIDE,no_context,Clark,TIDE_better,subject_group,0.0015356627423978,0.0008853032689876,0.0022295147897955,1.0,164,32448,5000,outer_test,e7ad79fe6ad5b5884ccb5d60d35891ef7d308976,e7ad79fe6ad5b5884ccb5d60d35891ef7d308976
TIDE vs no_context,TIDE,no_context,Canberra,TIDE_better,dyad_group,0.0044808174248535,0.0019860316221884,0.0069787886802554,0.9998,86,32448,5000,outer_test,e7ad79fe6ad5b5884ccb5d60d35891ef7d308976,e7ad79fe6ad5b5884ccb5d60d35891ef7d308976
TIDE vs no_context,TIDE,no_context,Canberra,TIDE_better,subject_group,0.0044808174248535,0.0022500773113195,0.0066842328028676,1.0,164,32448,5000,outer_test,e7ad79fe6ad5b5884ccb5d60d35891ef7d308976,e7ad79fe6ad5b5884ccb5d60d35891ef7d308976
TIDE vs no_context,TIDE,no_context,KL,TIDE_better,dyad_group,0.0008322569447118,0.0004972524850056,0.0011809818592092,1.0,86,32448,5000,outer_test,e7ad79fe6ad5b5884ccb5d60d35891ef7d308976,e7ad79fe6ad5b5884ccb5d60d35891ef7d308976
TIDE vs no_context,TIDE,no_context,KL,TIDE_better,subject_group,0.0008322569447118,0.0004815015868481,0.0011649912669447,1.0,164,32448,5000,outer_test,e7ad79fe6ad5b5884ccb5d60d35891ef7d308976,e7ad79fe6ad5b5884ccb5d60d35891ef7d308976
TIDE vs no_context,TIDE,no_context,Cosine,TIDE_better,dyad_group,0.0006882689872195,0.000429902254287,0.0009534107776955,1.0,86,32448,5000,outer_test,e7ad79fe6ad5b5884ccb5d60d35891ef7d308976,e7ad79fe6ad5b5884ccb5d60d35891ef7d308976
TIDE vs no_context,TIDE,no_context,Cosine,TIDE_better,subject_group,0.0006882689872195,0.0004174299187874,0.0009644144008446,1.0,164,32448,5000,outer_test,e7ad79fe6ad5b5884ccb5d60d35891ef7d308976,e7ad79fe6ad5b5884ccb5d60d35891ef7d308976
TIDE vs no_context,TIDE,no_context,Intersection,TIDE_better,dyad_group,0.0007015423440005,0.0004013754650111,0.0009950349176472,1.0,86,32448,5000,outer_test,e7ad79fe6ad5b5884ccb5d60d35891ef7d308976,e7ad79fe6ad5b5884ccb5d60d35891ef7d308976
TIDE vs no_context,TIDE,no_context,Intersection,TIDE_better,subject_group,0.0007015423440005,0.0004160711397929,0.0009868556582608,1.0,164,32448,5000,outer_test,e7ad79fe6ad5b5884ccb5d60d35891ef7d308976,e7ad79fe6ad5b5884ccb5d60d35891ef7d308976
TIDE vs no_distribution_decoder,TIDE,no_distribution_decoder,StaticAware_SRCC,TIDE_better,dyad_group,0.0126190395082328,0.0077518770367166,0.0174096137638085,1.0,86,32448,5000,outer_test,e7ad79fe6ad5b5884ccb5d60d35891ef7d308976,e7ad79fe6ad5b5884ccb5d60d35891ef7d308976
TIDE vs no_distribution_decoder,TIDE,no_distribution_decoder,StaticAware_SRCC,TIDE_better,subject_group,0.0126190395082328,0.00822968250138,0.0172369418988975,1.0,164,32448,5000,outer_test,e7ad79fe6ad5b5884ccb5d60d35891ef7d308976,e7ad79fe6ad5b5884ccb5d60d35891ef7d308976
TIDE vs no_distribution_decoder,TIDE,no_distribution_decoder,StaticAware_PCC,TIDE_better,dyad_group,0.0085970009711245,0.0035930735683909,0.0135764301919045,0.9988,86,32448,5000,outer_test,e7ad79fe6ad5b5884ccb5d60d35891ef7d308976,e7ad79fe6ad5b5884ccb5d60d35891ef7d308976
TIDE vs no_distribution_decoder,TIDE,no_distribution_decoder,StaticAware_PCC,TIDE_better,subject_group,0.0085970009711245,0.0040087334543703,0.0134724263473406,0.9998,164,32448,5000,outer_test,e7ad79fe6ad5b5884ccb5d60d35891ef7d308976,e7ad79fe6ad5b5884ccb5d60d35891ef7d308976
TIDE vs no_distribution_decoder,TIDE,no_distribution_decoder,StaticAware_KendallTauB,TIDE_better,dyad_group,0.0107596394883766,0.0068000586335024,0.0147027093289774,1.0,86,32448,5000,outer_test,e7ad79fe6ad5b5884ccb5d60d35891ef7d308976,e7ad79fe6ad5b5884ccb5d60d35891ef7d308976
TIDE vs no_distribution_decoder,TIDE,no_distribution_decoder,StaticAware_KendallTauB,TIDE_better,subject_group,0.0107596394883766,0.0070887638678813,0.0143454808113372,1.0,164,32448,5000,outer_test,e7ad79fe6ad5b5884ccb5d60d35891ef7d308976,e7ad79fe6ad5b5884ccb5d60d35891ef7d308976
TIDE vs no_distribution_decoder,TIDE,no_distribution_decoder,TimeAugmented_Discrete_Frechet,TIDE_better,dyad_group,0.0548044390225726,0.0412588725449305,0.0683207877817715,1.0,86,32448,5000,outer_test,e7ad79fe6ad5b5884ccb5d60d35891ef7d308976,e7ad79fe6ad5b5884ccb5d60d35891ef7d308976
TIDE vs no_distribution_decoder,TIDE,no_distribution_decoder,TimeAugmented_Discrete_Frechet,TIDE_better,subject_group,0.0548044390225726,0.0431362652314696,0.06606868979496,1.0,164,32448,5000,outer_test,e7ad79fe6ad5b5884ccb5d60d35891ef7d308976,e7ad79fe6ad5b5884ccb5d60d35891ef7d308976
TIDE vs no_distribution_decoder,TIDE,no_distribution_decoder,TWED_lambda1_nu1,TIDE_better,dyad_group,-0.1318706136252084,-0.2187452625247939,-0.0499582759654941,0.0012,86,32448,5000,outer_test,e7ad79fe6ad5b5884ccb5d60d35891ef7d308976,e7ad79fe6ad5b5884ccb5d60d35891ef7d308976
TIDE vs no_distribution_decoder,TIDE,no_distribution_decoder,TWED_lambda1_nu1,TIDE_better,subject_group,-0.1318706136252082,-0.2145160814431983,-0.0474581821914447,0.0002,164,32448,5000,outer_test,e7ad79fe6ad5b5884ccb5d60d35891ef7d308976,e7ad79fe6ad5b5884ccb5d60d35891ef7d308976
TIDE vs no_distribution_decoder,TIDE,no_distribution_decoder,DTW,TIDE_better,dyad_group,0.1854426918386473,0.1112347540311267,0.2571182472148229,1.0,86,32448,5000,outer_test,e7ad79fe6ad5b5884ccb5d60d35891ef7d308976,e7ad79fe6ad5b5884ccb5d60d35891ef7d308976
TIDE vs no_distribution_decoder,TIDE,no_distribution_decoder,DTW,TIDE_better,subject_group,0.1854426918386473,0.1175134485680764,0.2547096611290556,1.0,164,32448,5000,outer_test,e7ad79fe6ad5b5884ccb5d60d35891ef7d308976,e7ad79fe6ad5b5884ccb5d60d35891ef7d308976
TIDE vs no_distribution_decoder,TIDE,no_distribution_decoder,ZMAE,TIDE_better,dyad_group,0.0061050549939892,0.0023622365399705,0.0095148443937113,0.9994,86,32448,5000,outer_test,e7ad79fe6ad5b5884ccb5d60d35891ef7d308976,e7ad79fe6ad5b5884ccb5d60d35891ef7d308976
TIDE vs no_distribution_decoder,TIDE,no_distribution_decoder,ZMAE,TIDE_better,subject_group,0.0061050549939892,0.0025971001336084,0.009617246016201,0.9998,164,32448,5000,outer_test,e7ad79fe6ad5b5884ccb5d60d35891ef7d308976,e7ad79fe6ad5b5884ccb5d60d35891ef7d308976
TIDE vs no_distribution_decoder,TIDE,no_distribution_decoder,ZRMSE,TIDE_better,dyad_group,0.0073987885697061,0.0031574089976169,0.0116217978315366,0.9996,86,32448,5000,outer_test,e7ad79fe6ad5b5884ccb5d60d35891ef7d308976,e7ad79fe6ad5b5884ccb5d60d35891ef7d308976
TIDE vs no_distribution_decoder,TIDE,no_distribution_decoder,ZRMSE,TIDE_better,subject_group,0.0073987885697061,0.003509995199461,0.0111535210508993,0.9996,164,32448,5000,outer_test,e7ad79fe6ad5b5884ccb5d60d35891ef7d308976,e7ad79fe6ad5b5884ccb5d60d35891ef7d308976
TIDE vs no_distribution_decoder,TIDE,no_distribution_decoder,ZLinf,TIDE_better,dyad_group,0.0207228430149194,0.0081690098367176,0.0333179818123468,0.9992,86,32448,5000,outer_test,e7ad79fe6ad5b5884ccb5d60d35891ef7d308976,e7ad79fe6ad5b5884ccb5d60d35891ef7d308976
TIDE vs no_distribution_decoder,TIDE,no_distribution_decoder,ZLinf,TIDE_better,subject_group,0.0207228430149194,0.0093825778739267,0.0319560572428824,1.0,164,32448,5000,outer_test,e7ad79fe6ad5b5884ccb5d60d35891ef7d308976,e7ad79fe6ad5b5884ccb5d60d35891ef7d308976
TIDE vs no_distribution_decoder,TIDE,no_distribution_decoder,DeltaCorr_v1,TIDE_better,dyad_group,0.0005193611097727,-0.0034185376670811,0.0044628135470277,0.6256,86,32448,5000,outer_test,e7ad79fe6ad5b5884ccb5d60d35891ef7d308976,e7ad79fe6ad5b5884ccb5d60d35891ef7d308976
TIDE vs no_distribution_decoder,TIDE,no_distribution_decoder,DeltaCorr_v1,TIDE_better,subject_group,0.0005193611097727,-0.0034243242030843,0.0044970067643096,0.605,164,32448,5000,outer_test,e7ad79fe6ad5b5884ccb5d60d35891ef7d308976,e7ad79fe6ad5b5884ccb5d60d35891ef7d308976
TIDE vs no_distribution_decoder,TIDE,no_distribution_decoder,ChangeMagnitudeCorr,TIDE_better,dyad_group,-0.0032139858853845,-0.0075231696755703,0.0009871051412396,0.068,86,32448,5000,outer_test,e7ad79fe6ad5b5884ccb5d60d35891ef7d308976,e7ad79fe6ad5b5884ccb5d60d35891ef7d308976
TIDE vs no_distribution_decoder,TIDE,no_distribution_decoder,ChangeMagnitudeCorr,TIDE_better,subject_group,-0.0032139858853845,-0.0075701882976331,0.0012871116307314,0.0744,164,32448,5000,outer_test,e7ad79fe6ad5b5884ccb5d60d35891ef7d308976,e7ad79fe6ad5b5884ccb5d60d35891ef7d308976
TIDE vs no_distribution_decoder,TIDE,no_distribution_decoder,LogRatioChangeCorr,TIDE_better,dyad_group,-6.632120842406154e-05,-0.0040357292047188,0.0038916015303352,0.4814,86,32448,5000,outer_test,e7ad79fe6ad5b5884ccb5d60d35891ef7d308976,e7ad79fe6ad5b5884ccb5d60d35891ef7d308976
TIDE vs no_distribution_decoder,TIDE,no_distribution_decoder,LogRatioChangeCorr,TIDE_better,subject_group,-6.632120842406147e-05,-0.0040969851643517,0.0039496336609974,0.4982,164,32448,5000,outer_test,e7ad79fe6ad5b5884ccb5d60d35891ef7d308976,e7ad79fe6ad5b5884ccb5d60d35891ef7d308976
TIDE vs no_distribution_decoder,TIDE,no_distribution_decoder,Directional_Accuracy,TIDE_better,dyad_group,0.0004133924304873,-0.0043508093405866,0.0052942718034841,0.5648,86,32448,5000,outer_test,e7ad79fe6ad5b5884ccb5d60d35891ef7d308976,e7ad79fe6ad5b5884ccb5d60d35891ef7d308976
TIDE vs no_distribution_decoder,TIDE,no_distribution_decoder,Directional_Accuracy,TIDE_better,subject_group,0.0004133924304873,-0.0044760167118104,0.0051895159265249,0.5656,164,32448,5000,outer_test,e7ad79fe6ad5b5884ccb5d60d35891ef7d308976,e7ad79fe6ad5b5884ccb5d60d35891ef7d308976
TIDE vs no_distribution_decoder,TIDE,no_distribution_decoder,Balanced_Nonflat_Directional_Accuracy,TIDE_better,dyad_group,0.0003675814365321,-0.0044990700832368,0.0053141103040174,0.5586,86,32448,5000,outer_test,e7ad79fe6ad5b5884ccb5d60d35891ef7d308976,e7ad79fe6ad5b5884ccb5d60d35891ef7d308976
TIDE vs no_distribution_decoder,TIDE,no_distribution_decoder,Balanced_Nonflat_Directional_Accuracy,TIDE_better,subject_group,0.0003675814365321,-0.0049212555281434,0.0052581014962219,0.5486,164,32448,5000,outer_test,e7ad79fe6ad5b5884ccb5d60d35891ef7d308976,e7ad79fe6ad5b5884ccb5d60d35891ef7d308976
TIDE vs no_distribution_decoder,TIDE,no_distribution_decoder,TrainFold_Majority_Direction_Accuracy,TIDE_better,dyad_group,0.0,0.0,0.0,0.0,86,32448,5000,outer_test,e7ad79fe6ad5b5884ccb5d60d35891ef7d308976,e7ad79fe6ad5b5884ccb5d60d35891ef7d308976
TIDE vs no_distribution_decoder,TIDE,no_distribution_decoder,TrainFold_Majority_Direction_Accuracy,TIDE_better,subject_group,0.0,0.0,0.0,0.0,164,32448,5000,outer_test,e7ad79fe6ad5b5884ccb5d60d35891ef7d308976,e7ad79fe6ad5b5884ccb5d60d35891ef7d308976
TIDE vs no_distribution_decoder,TIDE,no_distribution_decoder,TrainFold_Majority_Balanced_Direction_Accuracy,TIDE_better,dyad_group,0.0,0.0,0.0,0.0,86,32448,5000,outer_test,e7ad79fe6ad5b5884ccb5d60d35891ef7d308976,e7ad79fe6ad5b5884ccb5d60d35891ef7d308976
TIDE vs no_distribution_decoder,TIDE,no_distribution_decoder,TrainFold_Majority_Balanced_Direction_Accuracy,TIDE_better,subject_group,0.0,0.0,0.0,0.0,164,32448,5000,outer_test,e7ad79fe6ad5b5884ccb5d60d35891ef7d308976,e7ad79fe6ad5b5884ccb5d60d35891ef7d308976
TIDE vs no_distribution_decoder,TIDE,no_distribution_decoder,Flat_Transition_Predicted_Change,TIDE_better,dyad_group,-0.0604215313693183,-0.0676655362014165,-0.0531276022491681,0.0,86,32448,5000,outer_test,e7ad79fe6ad5b5884ccb5d60d35891ef7d308976,e7ad79fe6ad5b5884ccb5d60d35891ef7d308976
TIDE vs no_distribution_decoder,TIDE,no_distribution_decoder,Flat_Transition_Predicted_Change,TIDE_better,subject_group,-0.0604215313693182,-0.066830631803487,-0.0544510818533168,0.0,164,32448,5000,outer_test,e7ad79fe6ad5b5884ccb5d60d35891ef7d308976,e7ad79fe6ad5b5884ccb5d60d35891ef7d308976
TIDE vs no_distribution_decoder,TIDE,no_distribution_decoder,Chebyshev,TIDE_better,dyad_group,-0.0006727268802511,-0.0012045125459697,-0.0001501229148586,0.0044,86,32448,5000,outer_test,e7ad79fe6ad5b5884ccb5d60d35891ef7d308976,e7ad79fe6ad5b5884ccb5d60d35891ef7d308976
TIDE vs no_distribution_decoder,TIDE,no_distribution_decoder,Chebyshev,TIDE_better,subject_group,-0.0006727268802511,-0.0011295638628362,-0.0001978632780889,0.0018,164,32448,5000,outer_test,e7ad79fe6ad5b5884ccb5d60d35891ef7d308976,e7ad79fe6ad5b5884ccb5d60d35891ef7d308976
TIDE vs no_distribution_decoder,TIDE,no_distribution_decoder,Clark,TIDE_better,dyad_group,0.0173160965748213,0.0152568671651178,0.0192960826764481,1.0,86,32448,5000,outer_test,e7ad79fe6ad5b5884ccb5d60d35891ef7d308976,e7ad79fe6ad5b5884ccb5d60d35891ef7d308976
TIDE vs no_distribution_decoder,TIDE,no_distribution_decoder,Clark,TIDE_better,subject_group,0.0173160965748213,0.0149792419515418,0.0196068032366197,1.0,164,32448,5000,outer_test,e7ad79fe6ad5b5884ccb5d60d35891ef7d308976,e7ad79fe6ad5b5884ccb5d60d35891ef7d308976
TIDE vs no_distribution_decoder,TIDE,no_distribution_decoder,Canberra,TIDE_better,dyad_group,0.0661442965202342,0.0584948175983397,0.0734651300766738,1.0,86,32448,5000,outer_test,e7ad79fe6ad5b5884ccb5d60d35891ef7d308976,e7ad79fe6ad5b5884ccb5d60d35891ef7d308976
TIDE vs no_distribution_decoder,TIDE,no_distribution_decoder,Canberra,TIDE_better,subject_group,0.0661442965202342,0.0576657509523687,0.0747762299491426,1.0,164,32448,5000,outer_test,e7ad79fe6ad5b5884ccb5d60d35891ef7d308976,e7ad79fe6ad5b5884ccb5d60d35891ef7d308976
TIDE vs no_distribution_decoder,TIDE,no_distribution_decoder,KL,TIDE_better,dyad_group,0.0054542338039242,0.0044074342255192,0.0065398565649342,1.0,86,32448,5000,outer_test,e7ad79fe6ad5b5884ccb5d60d35891ef7d308976,e7ad79fe6ad5b5884ccb5d60d35891ef7d308976
TIDE vs no_distribution_decoder,TIDE,no_distribution_decoder,KL,TIDE_better,subject_group,0.0054542338039242,0.0042735306292451,0.0066129634710408,1.0,164,32448,5000,outer_test,e7ad79fe6ad5b5884ccb5d60d35891ef7d308976,e7ad79fe6ad5b5884ccb5d60d35891ef7d308976
TIDE vs no_distribution_decoder,TIDE,no_distribution_decoder,Cosine,TIDE_better,dyad_group,0.0046688666623338,0.0038448303137824,0.0054814664118749,1.0,86,32448,5000,outer_test,e7ad79fe6ad5b5884ccb5d60d35891ef7d308976,e7ad79fe6ad5b5884ccb5d60d35891ef7d308976
TIDE vs no_distribution_decoder,TIDE,no_distribution_decoder,Cosine,TIDE_better,subject_group,0.0046688666623338,0.0037630869784661,0.0055846225637235,1.0,164,32448,5000,outer_test,e7ad79fe6ad5b5884ccb5d60d35891ef7d308976,e7ad79fe6ad5b5884ccb5d60d35891ef7d308976
TIDE vs no_distribution_decoder,TIDE,no_distribution_decoder,Intersection,TIDE_better,dyad_group,0.0078719375766723,0.0069181323530853,0.0087877185598653,1.0,86,32448,5000,outer_test,e7ad79fe6ad5b5884ccb5d60d35891ef7d308976,e7ad79fe6ad5b5884ccb5d60d35891ef7d308976
TIDE vs no_distribution_decoder,TIDE,no_distribution_decoder,Intersection,TIDE_better,subject_group,0.0078719375766723,0.0068285879750145,0.0088682332923718,1.0,164,32448,5000,outer_test,e7ad79fe6ad5b5884ccb5d60d35891ef7d308976,e7ad79fe6ad5b5884ccb5d60d35891ef7d308976
TIDE vs no_partial_emotion_learning,TIDE,no_partial_emotion_learning,StaticAware_SRCC,TIDE_better,dyad_group,0.1414779080796749,0.1314266861203486,0.1515963156719365,1.0,86,32448,5000,outer_test,e7ad79fe6ad5b5884ccb5d60d35891ef7d308976,e7ad79fe6ad5b5884ccb5d60d35891ef7d308976
TIDE vs no_partial_emotion_learning,TIDE,no_partial_emotion_learning,StaticAware_SRCC,TIDE_better,subject_group,0.1414779080796749,0.1309838640389968,0.1520788943372712,1.0,164,32448,5000,outer_test,e7ad79fe6ad5b5884ccb5d60d35891ef7d308976,e7ad79fe6ad5b5884ccb5d60d35891ef7d308976
TIDE vs no_partial_emotion_learning,TIDE,no_partial_emotion_learning,StaticAware_PCC,TIDE_better,dyad_group,0.1569409340799782,0.145683604047543,0.1676337921843812,1.0,86,32448,5000,outer_test,e7ad79fe6ad5b5884ccb5d60d35891ef7d308976,e7ad79fe6ad5b5884ccb5d60d35891ef7d308976
TIDE vs no_partial_emotion_learning,TIDE,no_partial_emotion_learning,StaticAware_PCC,TIDE_better,subject_group,0.1569409340799782,0.145502339617855,0.1683554213338768,1.0,164,32448,5000,outer_test,e7ad79fe6ad5b5884ccb5d60d35891ef7d308976,e7ad79fe6ad5b5884ccb5d60d35891ef7d308976
TIDE vs no_partial_emotion_learning,TIDE,no_partial_emotion_learning,StaticAware_KendallTauB,TIDE_better,dyad_group,0.1172961252194939,0.1089488285742798,0.1257315362593231,1.0,86,32448,5000,outer_test,e7ad79fe6ad5b5884ccb5d60d35891ef7d308976,e7ad79fe6ad5b5884ccb5d60d35891ef7d308976
TIDE vs no_partial_emotion_learning,TIDE,no_partial_emotion_learning,StaticAware_KendallTauB,TIDE_better,subject_group,0.1172961252194939,0.1084134116626042,0.1259633232619603,1.0,164,32448,5000,outer_test,e7ad79fe6ad5b5884ccb5d60d35891ef7d308976,e7ad79fe6ad5b5884ccb5d60d35891ef7d308976
TIDE vs no_partial_emotion_learning,TIDE,no_partial_emotion_learning,TimeAugmented_Discrete_Frechet,TIDE_better,dyad_group,0.5190508863154534,0.4784233334994645,0.5597318526190577,1.0,86,32448,5000,outer_test,e7ad79fe6ad5b5884ccb5d60d35891ef7d308976,e7ad79fe6ad5b5884ccb5d60d35891ef7d308976
TIDE vs no_partial_emotion_learning,TIDE,no_partial_emotion_learning,TimeAugmented_Discrete_Frechet,TIDE_better,subject_group,0.5190508863154535,0.4805414546674279,0.5570102659231457,1.0,164,32448,5000,outer_test,e7ad79fe6ad5b5884ccb5d60d35891ef7d308976,e7ad79fe6ad5b5884ccb5d60d35891ef7d308976
TIDE vs no_partial_emotion_learning,TIDE,no_partial_emotion_learning,TWED_lambda1_nu1,TIDE_better,dyad_group,2.8739476283936845,2.5855178318489447,3.15823362489996,1.0,86,32448,5000,outer_test,e7ad79fe6ad5b5884ccb5d60d35891ef7d308976,e7ad79fe6ad5b5884ccb5d60d35891ef7d308976
TIDE vs no_partial_emotion_learning,TIDE,no_partial_emotion_learning,TWED_lambda1_nu1,TIDE_better,subject_group,2.8739476283936853,2.593770752912768,3.1604829469559497,1.0,164,32448,5000,outer_test,e7ad79fe6ad5b5884ccb5d60d35891ef7d308976,e7ad79fe6ad5b5884ccb5d60d35891ef7d308976
TIDE vs no_partial_emotion_learning,TIDE,no_partial_emotion_learning,DTW,TIDE_better,dyad_group,0.659284729132152,0.4765882150628143,0.8520894089077333,1.0,86,32448,5000,outer_test,e7ad79fe6ad5b5884ccb5d60d35891ef7d308976,e7ad79fe6ad5b5884ccb5d60d35891ef7d308976
TIDE vs no_partial_emotion_learning,TIDE,no_partial_emotion_learning,DTW,TIDE_better,subject_group,0.6592847291321521,0.456817889865806,0.8619622139808975,1.0,164,32448,5000,outer_test,e7ad79fe6ad5b5884ccb5d60d35891ef7d308976,e7ad79fe6ad5b5884ccb5d60d35891ef7d308976
TIDE vs no_partial_emotion_learning,TIDE,no_partial_emotion_learning,ZMAE,TIDE_better,dyad_group,0.0719410417185244,0.0631209111551551,0.0806412102539841,1.0,86,32448,5000,outer_test,e7ad79fe6ad5b5884ccb5d60d35891ef7d308976,e7ad79fe6ad5b5884ccb5d60d35891ef7d308976
TIDE vs no_partial_emotion_learning,TIDE,no_partial_emotion_learning,ZMAE,TIDE_better,subject_group,0.0719410417185244,0.0631085462746276,0.0803471026635383,1.0,164,32448,5000,outer_test,e7ad79fe6ad5b5884ccb5d60d35891ef7d308976,e7ad79fe6ad5b5884ccb5d60d35891ef7d308976
TIDE vs no_partial_emotion_learning,TIDE,no_partial_emotion_learning,ZRMSE,TIDE_better,dyad_group,0.164448879231795,0.1548011550996545,0.1736606351257908,1.0,86,32448,5000,outer_test,e7ad79fe6ad5b5884ccb5d60d35891ef7d308976,e7ad79fe6ad5b5884ccb5d60d35891ef7d308976
TIDE vs no_partial_emotion_learning,TIDE,no_partial_emotion_learning,ZRMSE,TIDE_better,subject_group,0.164448879231795,0.1547782960790044,0.1740462187280962,1.0,164,32448,5000,outer_test,e7ad79fe6ad5b5884ccb5d60d35891ef7d308976,e7ad79fe6ad5b5884ccb5d60d35891ef7d308976
TIDE vs no_partial_emotion_learning,TIDE,no_partial_emotion_learning,ZLinf,TIDE_better,dyad_group,0.6826622384857414,0.654914442623424,0.7096131210456531,1.0,86,32448,5000,outer_test,e7ad79fe6ad5b5884ccb5d60d35891ef7d308976,e7ad79fe6ad5b5884ccb5d60d35891ef7d308976
TIDE vs no_partial_emotion_learning,TIDE,no_partial_emotion_learning,ZLinf,TIDE_better,subject_group,0.6826622384857416,0.6568072578241857,0.7088655426338812,1.0,164,32448,5000,outer_test,e7ad79fe6ad5b5884ccb5d60d35891ef7d308976,e7ad79fe6ad5b5884ccb5d60d35891ef7d308976
TIDE vs no_partial_emotion_learning,TIDE,no_partial_emotion_learning,DeltaCorr_v1,TIDE_better,dyad_group,0.0038009931506673,0.0002654365032517,0.0074344906403815,0.985,86,32448,5000,outer_test,e7ad79fe6ad5b5884ccb5d60d35891ef7d308976,e7ad79fe6ad5b5884ccb5d60d35891ef7d308976
TIDE vs no_partial_emotion_learning,TIDE,no_partial_emotion_learning,DeltaCorr_v1,TIDE_better,subject_group,0.0038009931506673,0.0001211709138285,0.0074657343284695,0.9784,164,32448,5000,outer_test,e7ad79fe6ad5b5884ccb5d60d35891ef7d308976,e7ad79fe6ad5b5884ccb5d60d35891ef7d308976
TIDE vs no_partial_emotion_learning,TIDE,no_partial_emotion_learning,ChangeMagnitudeCorr,TIDE_better,dyad_group,-0.0005283964674699,-0.0040412310431242,0.0030063966294183,0.3938,86,32448,5000,outer_test,e7ad79fe6ad5b5884ccb5d60d35891ef7d308976,e7ad79fe6ad5b5884ccb5d60d35891ef7d308976
TIDE vs no_partial_emotion_learning,TIDE,no_partial_emotion_learning,ChangeMagnitudeCorr,TIDE_better,subject_group,-0.0005283964674699,-0.004114256307184,0.0029756726204213,0.3806,164,32448,5000,outer_test,e7ad79fe6ad5b5884ccb5d60d35891ef7d308976,e7ad79fe6ad5b5884ccb5d60d35891ef7d308976
TIDE vs no_partial_emotion_learning,TIDE,no_partial_emotion_learning,LogRatioChangeCorr,TIDE_better,dyad_group,0.0051791918852824,0.0015570075187134,0.0087367691997569,0.9978,86,32448,5000,outer_test,e7ad79fe6ad5b5884ccb5d60d35891ef7d308976,e7ad79fe6ad5b5884ccb5d60d35891ef7d308976
TIDE vs no_partial_emotion_learning,TIDE,no_partial_emotion_learning,LogRatioChangeCorr,TIDE_better,subject_group,0.0051791918852824,0.001564005278772,0.0088125406425714,0.997,164,32448,5000,outer_test,e7ad79fe6ad5b5884ccb5d60d35891ef7d308976,e7ad79fe6ad5b5884ccb5d60d35891ef7d308976
TIDE vs no_partial_emotion_learning,TIDE,no_partial_emotion_learning,Directional_Accuracy,TIDE_better,dyad_group,0.0318121906894054,0.0260272913790408,0.0373676774534088,1.0,86,32448,5000,outer_test,e7ad79fe6ad5b5884ccb5d60d35891ef7d308976,e7ad79fe6ad5b5884ccb5d60d35891ef7d308976
TIDE vs no_partial_emotion_learning,TIDE,no_partial_emotion_learning,Directional_Accuracy,TIDE_better,subject_group,0.0318121906894054,0.0264100366650747,0.0374046237781257,1.0,164,32448,5000,outer_test,e7ad79fe6ad5b5884ccb5d60d35891ef7d308976,e7ad79fe6ad5b5884ccb5d60d35891ef7d308976
TIDE vs no_partial_emotion_learning,TIDE,no_partial_emotion_learning,Balanced_Nonflat_Directional_Accuracy,TIDE_better,dyad_group,0.0295383508252645,0.0238725075877487,0.0353962990000313,1.0,86,32448,5000,outer_test,e7ad79fe6ad5b5884ccb5d60d35891ef7d308976,e7ad79fe6ad5b5884ccb5d60d35891ef7d308976
TIDE vs no_partial_emotion_learning,TIDE,no_partial_emotion_learning,Balanced_Nonflat_Directional_Accuracy,TIDE_better,subject_group,0.0295383508252646,0.0238910498374359,0.0352720650800836,1.0,164,32448,5000,outer_test,e7ad79fe6ad5b5884ccb5d60d35891ef7d308976,e7ad79fe6ad5b5884ccb5d60d35891ef7d308976
TIDE vs no_partial_emotion_learning,TIDE,no_partial_emotion_learning,TrainFold_Majority_Direction_Accuracy,TIDE_better,dyad_group,0.0,0.0,0.0,0.0,86,32448,5000,outer_test,e7ad79fe6ad5b5884ccb5d60d35891ef7d308976,e7ad79fe6ad5b5884ccb5d60d35891ef7d308976
TIDE vs no_partial_emotion_learning,TIDE,no_partial_emotion_learning,TrainFold_Majority_Direction_Accuracy,TIDE_better,subject_group,0.0,0.0,0.0,0.0,164,32448,5000,outer_test,e7ad79fe6ad5b5884ccb5d60d35891ef7d308976,e7ad79fe6ad5b5884ccb5d60d35891ef7d308976
TIDE vs no_partial_emotion_learning,TIDE,no_partial_emotion_learning,TrainFold_Majority_Balanced_Direction_Accuracy,TIDE_better,dyad_group,0.0,0.0,0.0,0.0,86,32448,5000,outer_test,e7ad79fe6ad5b5884ccb5d60d35891ef7d308976,e7ad79fe6ad5b5884ccb5d60d35891ef7d308976
TIDE vs no_partial_emotion_learning,TIDE,no_partial_emotion_learning,TrainFold_Majority_Balanced_Direction_Accuracy,TIDE_better,subject_group,0.0,0.0,0.0,0.0,164,32448,5000,outer_test,e7ad79fe6ad5b5884ccb5d60d35891ef7d308976,e7ad79fe6ad5b5884ccb5d60d35891ef7d308976
TIDE vs no_partial_emotion_learning,TIDE,no_partial_emotion_learning,Flat_Transition_Predicted_Change,TIDE_better,dyad_group,0.5753008854421832,0.5592411740669901,0.5909590271372746,1.0,86,32448,5000,outer_test,e7ad79fe6ad5b5884ccb5d60d35891ef7d308976,e7ad79fe6ad5b5884ccb5d60d35891ef7d308976
TIDE vs no_partial_emotion_learning,TIDE,no_partial_emotion_learning,Flat_Transition_Predicted_Change,TIDE_better,subject_group,0.5753008854421833,0.5617650306653197,0.5886884102718443,1.0,164,32448,5000,outer_test,e7ad79fe6ad5b5884ccb5d60d35891ef7d308976,e7ad79fe6ad5b5884ccb5d60d35891ef7d308976
TIDE vs no_partial_emotion_learning,TIDE,no_partial_emotion_learning,Chebyshev,TIDE_better,dyad_group,0.0003296121516058,0.0001714548272723,0.0004929147219592,1.0,86,32448,5000,outer_test,e7ad79fe6ad5b5884ccb5d60d35891ef7d308976,e7ad79fe6ad5b5884ccb5d60d35891ef7d308976
TIDE vs no_partial_emotion_learning,TIDE,no_partial_emotion_learning,Chebyshev,TIDE_better,subject_group,0.0003296121516058,0.0001790587918054,0.0004780661601074,1.0,164,32448,5000,outer_test,e7ad79fe6ad5b5884ccb5d60d35891ef7d308976,e7ad79fe6ad5b5884ccb5d60d35891ef7d308976
TIDE vs no_partial_emotion_learning,TIDE,no_partial_emotion_learning,Clark,TIDE_better,dyad_group,0.0006173842464293,-0.0001558463282615,0.0013649973723926,0.945,86,32448,5000,outer_test,e7ad79fe6ad5b5884ccb5d60d35891ef7d308976,e7ad79fe6ad5b5884ccb5d60d35891ef7d308976
TIDE vs no_partial_emotion_learning,TIDE,no_partial_emotion_learning,Clark,TIDE_better,subject_group,0.0006173842464293,-9.546067101785796e-05,0.0013429947484388,0.9556,164,32448,5000,outer_test,e7ad79fe6ad5b5884ccb5d60d35891ef7d308976,e7ad79fe6ad5b5884ccb5d60d35891ef7d308976
TIDE vs no_partial_emotion_learning,TIDE,no_partial_emotion_learning,Canberra,TIDE_better,dyad_group,0.0017291395740836,-0.0012163097221835,0.0046338702984771,0.8752,86,32448,5000,outer_test,e7ad79fe6ad5b5884ccb5d60d35891ef7d308976,e7ad79fe6ad5b5884ccb5d60d35891ef7d308976
TIDE vs no_partial_emotion_learning,TIDE,no_partial_emotion_learning,Canberra,TIDE_better,subject_group,0.0017291395740836,-0.0008791755143969,0.0043873616913086,0.9072,164,32448,5000,outer_test,e7ad79fe6ad5b5884ccb5d60d35891ef7d308976,e7ad79fe6ad5b5884ccb5d60d35891ef7d308976
TIDE vs no_partial_emotion_learning,TIDE,no_partial_emotion_learning,KL,TIDE_better,dyad_group,0.0006851843546555,0.0003274158455446,0.0010571515294885,1.0,86,32448,5000,outer_test,e7ad79fe6ad5b5884ccb5d60d35891ef7d308976,e7ad79fe6ad5b5884ccb5d60d35891ef7d308976
TIDE vs no_partial_emotion_learning,TIDE,no_partial_emotion_learning,KL,TIDE_better,subject_group,0.0006851843546555,0.0003456826104784,0.0010311717101359,1.0,164,32448,5000,outer_test,e7ad79fe6ad5b5884ccb5d60d35891ef7d308976,e7ad79fe6ad5b5884ccb5d60d35891ef7d308976
TIDE vs no_partial_emotion_learning,TIDE,no_partial_emotion_learning,Cosine,TIDE_better,dyad_group,0.0006247162983546,0.0003504292513724,0.0009157539005967,1.0,86,32448,5000,outer_test,e7ad79fe6ad5b5884ccb5d60d35891ef7d308976,e7ad79fe6ad5b5884ccb5d60d35891ef7d308976
TIDE vs no_partial_emotion_learning,TIDE,no_partial_emotion_learning,Cosine,TIDE_better,subject_group,0.0006247162983546,0.0003604669822391,0.0008900408659563,1.0,164,32448,5000,outer_test,e7ad79fe6ad5b5884ccb5d60d35891ef7d308976,e7ad79fe6ad5b5884ccb5d60d35891ef7d308976
TIDE vs no_partial_emotion_learning,TIDE,no_partial_emotion_learning,Intersection,TIDE_better,dyad_group,0.0004738981626157,0.0001313736589847,0.0008142482036217,0.9958,86,32448,5000,outer_test,e7ad79fe6ad5b5884ccb5d60d35891ef7d308976,e7ad79fe6ad5b5884ccb5d60d35891ef7d308976
TIDE vs no_partial_emotion_learning,TIDE,no_partial_emotion_learning,Intersection,TIDE_better,subject_group,0.0004738981626157,0.0001673666039725,0.0007822532443529,0.9984,164,32448,5000,outer_test,e7ad79fe6ad5b5884ccb5d60d35891ef7d308976,e7ad79fe6ad5b5884ccb5d60d35891ef7d308976
TIDE vs no_adaptive_graph,TIDE,no_adaptive_graph,StaticAware_SRCC,TIDE_better,dyad_group,0.0009400344331659,-0.0038814888940903,0.0057461764063267,0.6532,86,32448,5000,outer_test,e7ad79fe6ad5b5884ccb5d60d35891ef7d308976,e7ad79fe6ad5b5884ccb5d60d35891ef7d308976
TIDE vs no_adaptive_graph,TIDE,no_adaptive_graph,StaticAware_SRCC,TIDE_better,subject_group,0.0009400344331659,-0.0035874770084955,0.0055614386470925,0.665,164,32448,5000,outer_test,e7ad79fe6ad5b5884ccb5d60d35891ef7d308976,e7ad79fe6ad5b5884ccb5d60d35891ef7d308976
TIDE vs no_adaptive_graph,TIDE,no_adaptive_graph,StaticAware_PCC,TIDE_better,dyad_group,0.0021214316409963,-0.0027970532224695,0.0070834782789052,0.7934,86,32448,5000,outer_test,e7ad79fe6ad5b5884ccb5d60d35891ef7d308976,e7ad79fe6ad5b5884ccb5d60d35891ef7d308976
TIDE vs no_adaptive_graph,TIDE,no_adaptive_graph,StaticAware_PCC,TIDE_better,subject_group,0.0021214316409963,-0.0023890779697074,0.0067677067394747,0.814,164,32448,5000,outer_test,e7ad79fe6ad5b5884ccb5d60d35891ef7d308976,e7ad79fe6ad5b5884ccb5d60d35891ef7d308976
TIDE vs no_adaptive_graph,TIDE,no_adaptive_graph,StaticAware_KendallTauB,TIDE_better,dyad_group,0.0007299524339585,-0.0033093171387079,0.0047370844825276,0.6454,86,32448,5000,outer_test,e7ad79fe6ad5b5884ccb5d60d35891ef7d308976,e7ad79fe6ad5b5884ccb5d60d35891ef7d308976
TIDE vs no_adaptive_graph,TIDE,no_adaptive_graph,StaticAware_KendallTauB,TIDE_better,subject_group,0.0007299524339585,-0.0030721820074239,0.0043427292513547,0.6484,164,32448,5000,outer_test,e7ad79fe6ad5b5884ccb5d60d35891ef7d308976,e7ad79fe6ad5b5884ccb5d60d35891ef7d308976
TIDE vs no_adaptive_graph,TIDE,no_adaptive_graph,TimeAugmented_Discrete_Frechet,TIDE_better,dyad_group,0.0430793783157684,0.0290400129141626,0.0566139725973466,1.0,86,32448,5000,outer_test,e7ad79fe6ad5b5884ccb5d60d35891ef7d308976,e7ad79fe6ad5b5884ccb5d60d35891ef7d308976
TIDE vs no_adaptive_graph,TIDE,no_adaptive_graph,TimeAugmented_Discrete_Frechet,TIDE_better,subject_group,0.0430793783157684,0.0313149467415648,0.0545187619224865,1.0,164,32448,5000,outer_test,e7ad79fe6ad5b5884ccb5d60d35891ef7d308976,e7ad79fe6ad5b5884ccb5d60d35891ef7d308976
TIDE vs no_adaptive_graph,TIDE,no_adaptive_graph,TWED_lambda1_nu1,TIDE_better,dyad_group,-0.1587391056746551,-0.2617453634691885,-0.0560911961975428,0.0006,86,32448,5000,outer_test,e7ad79fe6ad5b5884ccb5d60d35891ef7d308976,e7ad79fe6ad5b5884ccb5d60d35891ef7d308976
TIDE vs no_adaptive_graph,TIDE,no_adaptive_graph,TWED_lambda1_nu1,TIDE_better,subject_group,-0.1587391056746553,-0.2482668462522065,-0.064422146760948,0.0004,164,32448,5000,outer_test,e7ad79fe6ad5b5884ccb5d60d35891ef7d308976,e7ad79fe6ad5b5884ccb5d60d35891ef7d308976
TIDE vs no_adaptive_graph,TIDE,no_adaptive_graph,DTW,TIDE_better,dyad_group,0.1405661623122578,0.0638979430217233,0.2171705857963117,1.0,86,32448,5000,outer_test,e7ad79fe6ad5b5884ccb5d60d35891ef7d308976,e7ad79fe6ad5b5884ccb5d60d35891ef7d308976
TIDE vs no_adaptive_graph,TIDE,no_adaptive_graph,DTW,TIDE_better,subject_group,0.1405661623122577,0.0696084304254152,0.2122931698903763,1.0,164,32448,5000,outer_test,e7ad79fe6ad5b5884ccb5d60d35891ef7d308976,e7ad79fe6ad5b5884ccb5d60d35891ef7d308976
TIDE vs no_adaptive_graph,TIDE,no_adaptive_graph,ZMAE,TIDE_better,dyad_group,0.0012330552422375,-0.002155559052805,0.004609586598252,0.765,86,32448,5000,outer_test,e7ad79fe6ad5b5884ccb5d60d35891ef7d308976,e7ad79fe6ad5b5884ccb5d60d35891ef7d308976
TIDE vs no_adaptive_graph,TIDE,no_adaptive_graph,ZMAE,TIDE_better,subject_group,0.0012330552422376,-0.0019381142238694,0.0044690379132866,0.776,164,32448,5000,outer_test,e7ad79fe6ad5b5884ccb5d60d35891ef7d308976,e7ad79fe6ad5b5884ccb5d60d35891ef7d308976
TIDE vs no_adaptive_graph,TIDE,no_adaptive_graph,ZRMSE,TIDE_better,dyad_group,-0.0012985862760335,-0.0055878841151668,0.0029867301156919,0.2736,86,32448,5000,outer_test,e7ad79fe6ad5b5884ccb5d60d35891ef7d308976,e7ad79fe6ad5b5884ccb5d60d35891ef7d308976
TIDE vs no_adaptive_graph,TIDE,no_adaptive_graph,ZRMSE,TIDE_better,subject_group,-0.0012985862760335,-0.0050021652670994,0.0025836422854473,0.2584,164,32448,5000,outer_test,e7ad79fe6ad5b5884ccb5d60d35891ef7d308976,e7ad79fe6ad5b5884ccb5d60d35891ef7d308976
TIDE vs no_adaptive_graph,TIDE,no_adaptive_graph,ZLinf,TIDE_better,dyad_group,0.0068315309571441,-0.006670005068114,0.0202820014105312,0.8394,86,32448,5000,outer_test,e7ad79fe6ad5b5884ccb5d60d35891ef7d308976,e7ad79fe6ad5b5884ccb5d60d35891ef7d308976
TIDE vs no_adaptive_graph,TIDE,no_adaptive_graph,ZLinf,TIDE_better,subject_group,0.0068315309571441,-0.0045923068550653,0.0182574318916729,0.8878,164,32448,5000,outer_test,e7ad79fe6ad5b5884ccb5d60d35891ef7d308976,e7ad79fe6ad5b5884ccb5d60d35891ef7d308976
TIDE vs no_adaptive_graph,TIDE,no_adaptive_graph,DeltaCorr_v1,TIDE_better,dyad_group,-0.0010769252048002,-0.003486883594933,0.0014172881874714,0.2022,86,32448,5000,outer_test,e7ad79fe6ad5b5884ccb5d60d35891ef7d308976,e7ad79fe6ad5b5884ccb5d60d35891ef7d308976
TIDE vs no_adaptive_graph,TIDE,no_adaptive_graph,DeltaCorr_v1,TIDE_better,subject_group,-0.0010769252048002,-0.003562907484757,0.0011993332527555,0.1914,164,32448,5000,outer_test,e7ad79fe6ad5b5884ccb5d60d35891ef7d308976,e7ad79fe6ad5b5884ccb5d60d35891ef7d308976
TIDE vs no_adaptive_graph,TIDE,no_adaptive_graph,ChangeMagnitudeCorr,TIDE_better,dyad_group,-4.908727441530482e-05,-0.0022107625678855,0.0022577786258104,0.4772,86,32448,5000,outer_test,e7ad79fe6ad5b5884ccb5d60d35891ef7d308976,e7ad79fe6ad5b5884ccb5d60d35891ef7d308976
TIDE vs no_adaptive_graph,TIDE,no_adaptive_graph,ChangeMagnitudeCorr,TIDE_better,subject_group,-4.908727441530482e-05,-0.0020685624286336,0.0020365416326606,0.4898,164,32448,5000,outer_test,e7ad79fe6ad5b5884ccb5d60d35891ef7d308976,e7ad79fe6ad5b5884ccb5d60d35891ef7d308976
TIDE vs no_adaptive_graph,TIDE,no_adaptive_graph,LogRatioChangeCorr,TIDE_better,dyad_group,-0.0015675111744885,-0.0039862741080254,0.0008659510553737,0.0976,86,32448,5000,outer_test,e7ad79fe6ad5b5884ccb5d60d35891ef7d308976,e7ad79fe6ad5b5884ccb5d60d35891ef7d308976
TIDE vs no_adaptive_graph,TIDE,no_adaptive_graph,LogRatioChangeCorr,TIDE_better,subject_group,-0.0015675111744885,-0.0041284606903393,0.0009443456354519,0.1056,164,32448,5000,outer_test,e7ad79fe6ad5b5884ccb5d60d35891ef7d308976,e7ad79fe6ad5b5884ccb5d60d35891ef7d308976
TIDE vs no_adaptive_graph,TIDE,no_adaptive_graph,Directional_Accuracy,TIDE_better,dyad_group,-0.0038598589449244,-0.0088290630693768,0.0010858706766687,0.062,86,32448,5000,outer_test,e7ad79fe6ad5b5884ccb5d60d35891ef7d308976,e7ad79fe6ad5b5884ccb5d60d35891ef7d308976
TIDE vs no_adaptive_graph,TIDE,no_adaptive_graph,Directional_Accuracy,TIDE_better,subject_group,-0.0038598589449244,-0.0087375413329879,0.0007755721124813,0.051,164,32448,5000,outer_test,e7ad79fe6ad5b5884ccb5d60d35891ef7d308976,e7ad79fe6ad5b5884ccb5d60d35891ef7d308976
TIDE vs no_adaptive_graph,TIDE,no_adaptive_graph,Balanced_Nonflat_Directional_Accuracy,TIDE_better,dyad_group,-0.0037014063451194,-0.0088165135719229,0.0013768756340351,0.0718,86,32448,5000,outer_test,e7ad79fe6ad5b5884ccb5d60d35891ef7d308976,e7ad79fe6ad5b5884ccb5d60d35891ef7d308976
TIDE vs no_adaptive_graph,TIDE,no_adaptive_graph,Balanced_Nonflat_Directional_Accuracy,TIDE_better,subject_group,-0.0037014063451194,-0.0086129184043519,0.0012204549151736,0.0662,164,32448,5000,outer_test,e7ad79fe6ad5b5884ccb5d60d35891ef7d308976,e7ad79fe6ad5b5884ccb5d60d35891ef7d308976
TIDE vs no_adaptive_graph,TIDE,no_adaptive_graph,TrainFold_Majority_Direction_Accuracy,TIDE_better,dyad_group,0.0,0.0,0.0,0.0,86,32448,5000,outer_test,e7ad79fe6ad5b5884ccb5d60d35891ef7d308976,e7ad79fe6ad5b5884ccb5d60d35891ef7d308976
TIDE vs no_adaptive_graph,TIDE,no_adaptive_graph,TrainFold_Majority_Direction_Accuracy,TIDE_better,subject_group,0.0,0.0,0.0,0.0,164,32448,5000,outer_test,e7ad79fe6ad5b5884ccb5d60d35891ef7d308976,e7ad79fe6ad5b5884ccb5d60d35891ef7d308976
TIDE vs no_adaptive_graph,TIDE,no_adaptive_graph,TrainFold_Majority_Balanced_Direction_Accuracy,TIDE_better,dyad_group,0.0,0.0,0.0,0.0,86,32448,5000,outer_test,e7ad79fe6ad5b5884ccb5d60d35891ef7d308976,e7ad79fe6ad5b5884ccb5d60d35891ef7d308976
TIDE vs no_adaptive_graph,TIDE,no_adaptive_graph,TrainFold_Majority_Balanced_Direction_Accuracy,TIDE_better,subject_group,0.0,0.0,0.0,0.0,164,32448,5000,outer_test,e7ad79fe6ad5b5884ccb5d60d35891ef7d308976,e7ad79fe6ad5b5884ccb5d60d35891ef7d308976
TIDE vs no_adaptive_graph,TIDE,no_adaptive_graph,Flat_Transition_Predicted_Change,TIDE_better,dyad_group,-0.064157271493464,-0.0789152217342902,-0.0491825146958426,0.0,86,32448,5000,outer_test,e7ad79fe6ad5b5884ccb5d60d35891ef7d308976,e7ad79fe6ad5b5884ccb5d60d35891ef7d308976
TIDE vs no_adaptive_graph,TIDE,no_adaptive_graph,Flat_Transition_Predicted_Change,TIDE_better,subject_group,-0.064157271493464,-0.0753983662088881,-0.0528312229453072,0.0,164,32448,5000,outer_test,e7ad79fe6ad5b5884ccb5d60d35891ef7d308976,e7ad79fe6ad5b5884ccb5d60d35891ef7d308976
TIDE vs no_adaptive_graph,TIDE,no_adaptive_graph,Chebyshev,TIDE_better,dyad_group,0.0002797638266867,0.0001688724732621,0.0003993339488844,1.0,86,32448,5000,outer_test,e7ad79fe6ad5b5884ccb5d60d35891ef7d308976,e7ad79fe6ad5b5884ccb5d60d35891ef7d308976
TIDE vs no_adaptive_graph,TIDE,no_adaptive_graph,Chebyshev,TIDE_better,subject_group,0.0002797638266867,0.0001691776931652,0.0003887281834705,1.0,164,32448,5000,outer_test,e7ad79fe6ad5b5884ccb5d60d35891ef7d308976,e7ad79fe6ad5b5884ccb5d60d35891ef7d308976
TIDE vs no_adaptive_graph,TIDE,no_adaptive_graph,Clark,TIDE_better,dyad_group,0.0004263908171379,-0.0001127628680817,0.0009953708949402,0.9392,86,32448,5000,outer_test,e7ad79fe6ad5b5884ccb5d60d35891ef7d308976,e7ad79fe6ad5b5884ccb5d60d35891ef7d308976
TIDE vs no_adaptive_graph,TIDE,no_adaptive_graph,Clark,TIDE_better,subject_group,0.0004263908171379,-4.710957612255275e-05,0.0009171430095792,0.955,164,32448,5000,outer_test,e7ad79fe6ad5b5884ccb5d60d35891ef7d308976,e7ad79fe6ad5b5884ccb5d60d35891ef7d308976
TIDE vs no_adaptive_graph,TIDE,no_adaptive_graph,Canberra,TIDE_better,dyad_group,0.0002100151041079,-0.0015074448729542,0.0020493931609836,0.592,86,32448,5000,outer_test,e7ad79fe6ad5b5884ccb5d60d35891ef7d308976,e7ad79fe6ad5b5884ccb5d60d35891ef7d308976
TIDE vs no_adaptive_graph,TIDE,no_adaptive_graph,Canberra,TIDE_better,subject_group,0.0002100151041079,-0.0014462199653992,0.0019736792085518,0.6022,164,32448,5000,outer_test,e7ad79fe6ad5b5884ccb5d60d35891ef7d308976,e7ad79fe6ad5b5884ccb5d60d35891ef7d308976
TIDE vs no_adaptive_graph,TIDE,no_adaptive_graph,KL,TIDE_better,dyad_group,0.0001551473382464,-8.777424051512025e-05,0.0004024660583182,0.8876,86,32448,5000,outer_test,e7ad79fe6ad5b5884ccb5d60d35891ef7d308976,e7ad79fe6ad5b5884ccb5d60d35891ef7d308976
TIDE vs no_adaptive_graph,TIDE,no_adaptive_graph,KL,TIDE_better,subject_group,0.0001551473382464,-7.533782269492216e-05,0.0003899713931869,0.8992,164,32448,5000,outer_test,e7ad79fe6ad5b5884ccb5d60d35891ef7d308976,e7ad79fe6ad5b5884ccb5d60d35891ef7d308976
TIDE vs no_adaptive_graph,TIDE,no_adaptive_graph,Cosine,TIDE_better,dyad_group,0.0001887835329174,1.4548999751393698e-07,0.0003800526683122,0.975,86,32448,5000,outer_test,e7ad79fe6ad5b5884ccb5d60d35891ef7d308976,e7ad79fe6ad5b5884ccb5d60d35891ef7d308976
TIDE vs no_adaptive_graph,TIDE,no_adaptive_graph,Cosine,TIDE_better,subject_group,0.0001887835329174,3.930223728996319e-06,0.0003699613410037,0.9776,164,32448,5000,outer_test,e7ad79fe6ad5b5884ccb5d60d35891ef7d308976,e7ad79fe6ad5b5884ccb5d60d35891ef7d308976
TIDE vs no_adaptive_graph,TIDE,no_adaptive_graph,Intersection,TIDE_better,dyad_group,0.0001173074108497,-9.778561430683816e-05,0.0003534102870702,0.8488,86,32448,5000,outer_test,e7ad79fe6ad5b5884ccb5d60d35891ef7d308976,e7ad79fe6ad5b5884ccb5d60d35891ef7d308976
TIDE vs no_adaptive_graph,TIDE,no_adaptive_graph,Intersection,TIDE_better,subject_group,0.0001173074108497,-8.990210163031843e-05,0.0003308651853557,0.8602,164,32448,5000,outer_test,e7ad79fe6ad5b5884ccb5d60d35891ef7d308976,e7ad79fe6ad5b5884ccb5d60d35891ef7d308976
TIDE vs mean_sequence_readout,TIDE,mean_sequence_readout,StaticAware_SRCC,TIDE_better,dyad_group,-0.0047270369735434,-0.0081111886091499,-0.0015162975269748,0.0026,86,32448,5000,outer_test,e7ad79fe6ad5b5884ccb5d60d35891ef7d308976,e7ad79fe6ad5b5884ccb5d60d35891ef7d308976
TIDE vs mean_sequence_readout,TIDE,mean_sequence_readout,StaticAware_SRCC,TIDE_better,subject_group,-0.0047270369735434,-0.007784819773305,-0.0016121721074502,0.0008,164,32448,5000,outer_test,e7ad79fe6ad5b5884ccb5d60d35891ef7d308976,e7ad79fe6ad5b5884ccb5d60d35891ef7d308976
TIDE vs mean_sequence_readout,TIDE,mean_sequence_readout,StaticAware_PCC,TIDE_better,dyad_group,-0.0039928410630581,-0.0073310021031022,-0.0008866308927029,0.0064,86,32448,5000,outer_test,e7ad79fe6ad5b5884ccb5d60d35891ef7d308976,e7ad79fe6ad5b5884ccb5d60d35891ef7d308976
TIDE vs mean_sequence_readout,TIDE,mean_sequence_readout,StaticAware_PCC,TIDE_better,subject_group,-0.0039928410630581,-0.0070793695818659,-0.0008126304696574,0.0058,164,32448,5000,outer_test,e7ad79fe6ad5b5884ccb5d60d35891ef7d308976,e7ad79fe6ad5b5884ccb5d60d35891ef7d308976
TIDE vs mean_sequence_readout,TIDE,mean_sequence_readout,StaticAware_KendallTauB,TIDE_better,dyad_group,-0.0037806076525557,-0.0065056628213391,-0.0010742884120057,0.004,86,32448,5000,outer_test,e7ad79fe6ad5b5884ccb5d60d35891ef7d308976,e7ad79fe6ad5b5884ccb5d60d35891ef7d308976
TIDE vs mean_sequence_readout,TIDE,mean_sequence_readout,StaticAware_KendallTauB,TIDE_better,subject_group,-0.0037806076525557,-0.0063740119927335,-0.0011847502784636,0.0022,164,32448,5000,outer_test,e7ad79fe6ad5b5884ccb5d60d35891ef7d308976,e7ad79fe6ad5b5884ccb5d60d35891ef7d308976
TIDE vs mean_sequence_readout,TIDE,mean_sequence_readout,TimeAugmented_Discrete_Frechet,TIDE_better,dyad_group,-0.0103801584825433,-0.0222204216358991,0.0009729783606091,0.0374,86,32448,5000,outer_test,e7ad79fe6ad5b5884ccb5d60d35891ef7d308976,e7ad79fe6ad5b5884ccb5d60d35891ef7d308976
TIDE vs mean_sequence_readout,TIDE,mean_sequence_readout,TimeAugmented_Discrete_Frechet,TIDE_better,subject_group,-0.0103801584825433,-0.0199930511951164,-0.0011531463335233,0.0142,164,32448,5000,outer_test,e7ad79fe6ad5b5884ccb5d60d35891ef7d308976,e7ad79fe6ad5b5884ccb5d60d35891ef7d308976
TIDE vs mean_sequence_readout,TIDE,mean_sequence_readout,TWED_lambda1_nu1,TIDE_better,dyad_group,-0.2960354038100909,-0.3625620742643382,-0.232885829678851,0.0,86,32448,5000,outer_test,e7ad79fe6ad5b5884ccb5d60d35891ef7d308976,e7ad79fe6ad5b5884ccb5d60d35891ef7d308976
TIDE vs mean_sequence_readout,TIDE,mean_sequence_readout,TWED_lambda1_nu1,TIDE_better,subject_group,-0.2960354038100908,-0.3570364574438708,-0.2363855115134095,0.0,164,32448,5000,outer_test,e7ad79fe6ad5b5884ccb5d60d35891ef7d308976,e7ad79fe6ad5b5884ccb5d60d35891ef7d308976
TIDE vs mean_sequence_readout,TIDE,mean_sequence_readout,DTW,TIDE_better,dyad_group,-0.0029777098360405,-0.044375941755609,0.037636518281612,0.4286,86,32448,5000,outer_test,e7ad79fe6ad5b5884ccb5d60d35891ef7d308976,e7ad79fe6ad5b5884ccb5d60d35891ef7d308976
TIDE vs mean_sequence_readout,TIDE,mean_sequence_readout,DTW,TIDE_better,subject_group,-0.0029777098360405,-0.0424897806937213,0.0385734027422381,0.4406,164,32448,5000,outer_test,e7ad79fe6ad5b5884ccb5d60d35891ef7d308976,e7ad79fe6ad5b5884ccb5d60d35891ef7d308976
TIDE vs mean_sequence_readout,TIDE,mean_sequence_readout,ZMAE,TIDE_better,dyad_group,-0.0021888490815815,-0.0042877848211725,-6.853257327367575e-05,0.0212,86,32448,5000,outer_test,e7ad79fe6ad5b5884ccb5d60d35891ef7d308976,e7ad79fe6ad5b5884ccb5d60d35891ef7d308976
TIDE vs mean_sequence_readout,TIDE,mean_sequence_readout,ZMAE,TIDE_better,subject_group,-0.0021888490815815,-0.004273430836916,-5.145188748193203e-05,0.0228,164,32448,5000,outer_test,e7ad79fe6ad5b5884ccb5d60d35891ef7d308976,e7ad79fe6ad5b5884ccb5d60d35891ef7d308976
TIDE vs mean_sequence_readout,TIDE,mean_sequence_readout,ZRMSE,TIDE_better,dyad_group,-0.0050720063383751,-0.007995866106186,-0.0021370778392271,0.0002,86,32448,5000,outer_test,e7ad79fe6ad5b5884ccb5d60d35891ef7d308976,e7ad79fe6ad5b5884ccb5d60d35891ef7d308976
TIDE vs mean_sequence_readout,TIDE,mean_sequence_readout,ZRMSE,TIDE_better,subject_group,-0.0050720063383751,-0.0077935917610545,-0.0024172458696232,0.0,164,32448,5000,outer_test,e7ad79fe6ad5b5884ccb5d60d35891ef7d308976,e7ad79fe6ad5b5884ccb5d60d35891ef7d308976
TIDE vs mean_sequence_readout,TIDE,mean_sequence_readout,ZLinf,TIDE_better,dyad_group,-0.0255185637788994,-0.0393284608432219,-0.0111384361631311,0.0002,86,32448,5000,outer_test,e7ad79fe6ad5b5884ccb5d60d35891ef7d308976,e7ad79fe6ad5b5884ccb5d60d35891ef7d308976
TIDE vs mean_sequence_readout,TIDE,mean_sequence_readout,ZLinf,TIDE_better,subject_group,-0.0255185637788994,-0.0364897513218928,-0.014202084433963,0.0,164,32448,5000,outer_test,e7ad79fe6ad5b5884ccb5d60d35891ef7d308976,e7ad79fe6ad5b5884ccb5d60d35891ef7d308976
TIDE vs mean_sequence_readout,TIDE,mean_sequence_readout,DeltaCorr_v1,TIDE_better,dyad_group,0.001402774357474,-0.0003154579508576,0.0031129861211399,0.9412,86,32448,5000,outer_test,e7ad79fe6ad5b5884ccb5d60d35891ef7d308976,e7ad79fe6ad5b5884ccb5d60d35891ef7d308976
TIDE vs mean_sequence_readout,TIDE,mean_sequence_readout,DeltaCorr_v1,TIDE_better,subject_group,0.001402774357474,-0.0004533081249073,0.0032862995681596,0.9282,164,32448,5000,outer_test,e7ad79fe6ad5b5884ccb5d60d35891ef7d308976,e7ad79fe6ad5b5884ccb5d60d35891ef7d308976
TIDE vs mean_sequence_readout,TIDE,mean_sequence_readout,ChangeMagnitudeCorr,TIDE_better,dyad_group,0.0010242652393619,-0.0009895947376157,0.0032862889177267,0.8302,86,32448,5000,outer_test,e7ad79fe6ad5b5884ccb5d60d35891ef7d308976,e7ad79fe6ad5b5884ccb5d60d35891ef7d308976
TIDE vs mean_sequence_readout,TIDE,mean_sequence_readout,ChangeMagnitudeCorr,TIDE_better,subject_group,0.0010242652393619,-0.0008555937818326,0.0029715740090109,0.8566,164,32448,5000,outer_test,e7ad79fe6ad5b5884ccb5d60d35891ef7d308976,e7ad79fe6ad5b5884ccb5d60d35891ef7d308976
TIDE vs mean_sequence_readout,TIDE,mean_sequence_readout,LogRatioChangeCorr,TIDE_better,dyad_group,0.0008414622232981,-0.0009598359416879,0.0026300811434376,0.8166,86,32448,5000,outer_test,e7ad79fe6ad5b5884ccb5d60d35891ef7d308976,e7ad79fe6ad5b5884ccb5d60d35891ef7d308976
TIDE vs mean_sequence_readout,TIDE,mean_sequence_readout,LogRatioChangeCorr,TIDE_better,subject_group,0.0008414622232981,-0.0010607374245865,0.0027406606924573,0.7966,164,32448,5000,outer_test,e7ad79fe6ad5b5884ccb5d60d35891ef7d308976,e7ad79fe6ad5b5884ccb5d60d35891ef7d308976
TIDE vs mean_sequence_readout,TIDE,mean_sequence_readout,Directional_Accuracy,TIDE_better,dyad_group,0.0022716645360785,-0.0010569028262656,0.0055766313158911,0.9084,86,32448,5000,outer_test,e7ad79fe6ad5b5884ccb5d60d35891ef7d308976,e7ad79fe6ad5b5884ccb5d60d35891ef7d308976
TIDE vs mean_sequence_readout,TIDE,mean_sequence_readout,Directional_Accuracy,TIDE_better,subject_group,0.0022716645360785,-0.0012249573364902,0.0057559243905169,0.894,164,32448,5000,outer_test,e7ad79fe6ad5b5884ccb5d60d35891ef7d308976,e7ad79fe6ad5b5884ccb5d60d35891ef7d308976
TIDE vs mean_sequence_readout,TIDE,mean_sequence_readout,Balanced_Nonflat_Directional_Accuracy,TIDE_better,dyad_group,0.0025131930382217,-0.0007708378710718,0.0058280570146407,0.927,86,32448,5000,outer_test,e7ad79fe6ad5b5884ccb5d60d35891ef7d308976,e7ad79fe6ad5b5884ccb5d60d35891ef7d308976
TIDE vs mean_sequence_readout,TIDE,mean_sequence_readout,Balanced_Nonflat_Directional_Accuracy,TIDE_better,subject_group,0.0025131930382217,-0.0009895026611794,0.0061805122521384,0.9204,164,32448,5000,outer_test,e7ad79fe6ad5b5884ccb5d60d35891ef7d308976,e7ad79fe6ad5b5884ccb5d60d35891ef7d308976
TIDE vs mean_sequence_readout,TIDE,mean_sequence_readout,TrainFold_Majority_Direction_Accuracy,TIDE_better,dyad_group,0.0,0.0,0.0,0.0,86,32448,5000,outer_test,e7ad79fe6ad5b5884ccb5d60d35891ef7d308976,e7ad79fe6ad5b5884ccb5d60d35891ef7d308976
TIDE vs mean_sequence_readout,TIDE,mean_sequence_readout,TrainFold_Majority_Direction_Accuracy,TIDE_better,subject_group,0.0,0.0,0.0,0.0,164,32448,5000,outer_test,e7ad79fe6ad5b5884ccb5d60d35891ef7d308976,e7ad79fe6ad5b5884ccb5d60d35891ef7d308976
TIDE vs mean_sequence_readout,TIDE,mean_sequence_readout,TrainFold_Majority_Balanced_Direction_Accuracy,TIDE_better,dyad_group,0.0,0.0,0.0,0.0,86,32448,5000,outer_test,e7ad79fe6ad5b5884ccb5d60d35891ef7d308976,e7ad79fe6ad5b5884ccb5d60d35891ef7d308976
TIDE vs mean_sequence_readout,TIDE,mean_sequence_readout,TrainFold_Majority_Balanced_Direction_Accuracy,TIDE_better,subject_group,0.0,0.0,0.0,0.0,164,32448,5000,outer_test,e7ad79fe6ad5b5884ccb5d60d35891ef7d308976,e7ad79fe6ad5b5884ccb5d60d35891ef7d308976
TIDE vs mean_sequence_readout,TIDE,mean_sequence_readout,Flat_Transition_Predicted_Change,TIDE_better,dyad_group,-0.0495667704903407,-0.0625978749992851,-0.0373235090968062,0.0,86,32448,5000,outer_test,e7ad79fe6ad5b5884ccb5d60d35891ef7d308976,e7ad79fe6ad5b5884ccb5d60d35891ef7d308976
TIDE vs mean_sequence_readout,TIDE,mean_sequence_readout,Flat_Transition_Predicted_Change,TIDE_better,subject_group,-0.0495667704903407,-0.0591119302290646,-0.0403353631154188,0.0,164,32448,5000,outer_test,e7ad79fe6ad5b5884ccb5d60d35891ef7d308976,e7ad79fe6ad5b5884ccb5d60d35891ef7d308976
TIDE vs mean_sequence_readout,TIDE,mean_sequence_readout,Chebyshev,TIDE_better,dyad_group,6.35264756421543e-05,-4.056188576304751e-05,0.0001631128422444,0.8886,86,32448,5000,outer_test,e7ad79fe6ad5b5884ccb5d60d35891ef7d308976,e7ad79fe6ad5b5884ccb5d60d35891ef7d308976
TIDE vs mean_sequence_readout,TIDE,mean_sequence_readout,Chebyshev,TIDE_better,subject_group,6.352647564215431e-05,-2.5024757579846183e-05,0.0001557624422437,0.9162,164,32448,5000,outer_test,e7ad79fe6ad5b5884ccb5d60d35891ef7d308976,e7ad79fe6ad5b5884ccb5d60d35891ef7d308976
TIDE vs mean_sequence_readout,TIDE,mean_sequence_readout,Clark,TIDE_better,dyad_group,0.0009454808512646,0.0006381714239006,0.001257502981296,1.0,86,32448,5000,outer_test,e7ad79fe6ad5b5884ccb5d60d35891ef7d308976,e7ad79fe6ad5b5884ccb5d60d35891ef7d308976
TIDE vs mean_sequence_readout,TIDE,mean_sequence_readout,Clark,TIDE_better,subject_group,0.0009454808512646,0.0006633737982662,0.0012361767112539,1.0,164,32448,5000,outer_test,e7ad79fe6ad5b5884ccb5d60d35891ef7d308976,e7ad79fe6ad5b5884ccb5d60d35891ef7d308976
TIDE vs mean_sequence_readout,TIDE,mean_sequence_readout,Canberra,TIDE_better,dyad_group,0.0017657746178418,0.0007230619141298,0.0027843483754374,0.9992,86,32448,5000,outer_test,e7ad79fe6ad5b5884ccb5d60d35891ef7d308976,e7ad79fe6ad5b5884ccb5d60d35891ef7d308976
TIDE vs mean_sequence_readout,TIDE,mean_sequence_readout,Canberra,TIDE_better,subject_group,0.0017657746178418,0.0007064927896229,0.0028057540172099,0.9994,164,32448,5000,outer_test,e7ad79fe6ad5b5884ccb5d60d35891ef7d308976,e7ad79fe6ad5b5884ccb5d60d35891ef7d308976
TIDE vs mean_sequence_readout,TIDE,mean_sequence_readout,KL,TIDE_better,dyad_group,0.0002724766579673,0.0001060440672315,0.000452750380125,0.999,86,32448,5000,outer_test,e7ad79fe6ad5b5884ccb5d60d35891ef7d308976,e7ad79fe6ad5b5884ccb5d60d35891ef7d308976
TIDE vs mean_sequence_readout,TIDE,mean_sequence_readout,KL,TIDE_better,subject_group,0.0002724766579673,0.000101683012028,0.0004329810121372,0.9998,164,32448,5000,outer_test,e7ad79fe6ad5b5884ccb5d60d35891ef7d308976,e7ad79fe6ad5b5884ccb5d60d35891ef7d308976
TIDE vs mean_sequence_readout,TIDE,mean_sequence_readout,Cosine,TIDE_better,dyad_group,0.0002291827083625,9.219933338548544e-05,0.0003654448574658,0.9994,86,32448,5000,outer_test,e7ad79fe6ad5b5884ccb5d60d35891ef7d308976,e7ad79fe6ad5b5884ccb5d60d35891ef7d308976
TIDE vs mean_sequence_readout,TIDE,mean_sequence_readout,Cosine,TIDE_better,subject_group,0.0002291827083625,8.997466726935886e-05,0.000365773045228,0.9988,164,32448,5000,outer_test,e7ad79fe6ad5b5884ccb5d60d35891ef7d308976,e7ad79fe6ad5b5884ccb5d60d35891ef7d308976
TIDE vs mean_sequence_readout,TIDE,mean_sequence_readout,Intersection,TIDE_better,dyad_group,0.000239642965421,0.0001077920930674,0.0003761658762223,0.9996,86,32448,5000,outer_test,e7ad79fe6ad5b5884ccb5d60d35891ef7d308976,e7ad79fe6ad5b5884ccb5d60d35891ef7d308976
TIDE vs mean_sequence_readout,TIDE,mean_sequence_readout,Intersection,TIDE_better,subject_group,0.000239642965421,9.911891045046596e-05,0.0003755619748378,0.9998,164,32448,5000,outer_test,e7ad79fe6ad5b5884ccb5d60d35891ef7d308976,e7ad79fe6ad5b5884ccb5d60d35891ef7d308976
